date,CO,NO2,SO2
2025-09-01 00:00:00+00:00,0.024417333304882,2.7529809813131575e-05,-0.0001655961968936026
2025-09-02 00:00:00+00:00,0.0229234946891665,9.187862815451808e-06,-5.9663243519025855e-06
2025-09-03 00:00:00+00:00,0.021429656073451,3.193606244167313e-05,0.0002775914617814124
2025-09-04 00:00:00+00:00,0.028241716325283,3.154942533001304e-05,0.0002822120732162148
2025-09-05 00:00:00+00:00,0.0353527888655662,3.1157745979726315e-05,-0.00011133162479382008
2025-09-06 00:00:00+00:00,0.0360555183142423,3.171267599100247e-05,0.0005464484565891325
2025-09-07 00:00:00+00:00,0.0367582477629184,5.1264876674395055e-05,6.306556315394118e-05
2025-09-08 00:00:00+00:00,0.0306115495041012,4.6448187276837416e-05,0.00017620294602238573
2025-09-09 00:00:00+00:00,0.024464851245284,4.163149787927978e-05,0.0002893403288908303
2025-09-10 00:00:00+00:00,0.026158650095264035,2.444124947942328e-05,4.9239391955779865e-05
2025-09-11 00:00:00+00:00,0.027852448945244065,3.271933746873401e-05,0.0004440593475010246
2025-09-12 00:00:00+00:00,0.0295462477952241,3.7163332308409736e-05,0.0003361228737048805
2025-09-13 00:00:00+00:00,0.0253954585641622,2.90452444460243e-05,-0.0002456758520565927
2025-09-14 00:00:00+00:00,0.0280575230717659,4.508103666012176e-05,0.0005935545195825398
2025-09-15 00:00:00+00:00,0.0303043983876705,3.373396612005308e-05,0.0002770193386822939
2025-09-16 00:00:00+00:00,0.028421464841812825,2.538265653129201e-05,-0.00015677364717703313
2025-09-17 00:00:00+00:00,0.02653853129595515,2.072521814019031e-05,-0.00016435156673348197
2025-09-18 00:00:00+00:00,0.024655597750097475,1.6067779749088608e-05,-0.00017192948628993085
2025-09-19 00:00:00+00:00,0.0227726642042398,1.1410341357986908e-05,-0.0001795074058463797
2025-09-20 00:00:00+00:00,0.029209166765213,3.512258263071999e-05,-0.00022170168085722253
2025-09-21 00:00:00+00:00,0.0351220108568668,1.905442331917584e-05,-0.00026389595586806536
2025-09-22 00:00:00+00:00,0.0287753157317638,4.287491174181923e-05,0.00012929989316035062
2025-09-23 00:00:00+00:00,0.038449939340353,7.149704470066354e-05,0.0001217692843056284
2025-09-24 00:00:00+00:00,0.0360088385641574,6.481714808614925e-05,4.394318239064887e-05
2025-09-25 00:00:00+00:00,0.0278611555695533,3.19643659167923e-05,3.317887239973061e-05
2025-09-26 00:00:00+00:00,0.0307974480092525,3.336637746542692e-05,0.00017936482618097216
2025-09-27 00:00:00+00:00,0.0331938192248344,2.8528442271635868e-05,-0.0002766317629721016
2025-09-28 00:00:00+00:00,0.0324476808309555,6.298369044088759e-06,0.00032649803324602544
2025-09-29 00:00:00+00:00,0.0312047265470027,3.1201539968606085e-05,0.00018507167987991124
2025-09-30 00:00:00+00:00,0.029747614637017167,3.109000560167866e-05,0.00018914943696775785
2025-10-01 00:00:00+00:00,0.02829050272703163,3.097847123475125e-05,0.00019322719405560443
2025-10-02 00:00:00+00:00,0.0268333908170461,3.0866936867823824e-05,0.00019730495114345104
2025-10-03 00:00:00+00:00,0.0338977836072444,3.480921805021353e-05,-0.00013116314949002117
2025-10-04 00:00:00+00:00,0.0313417986035347,3.875149923260324e-05,0.00011984822776867075
2025-10-05 00:00:00+00:00,0.0310300271958112,1.338419497187715e-05,-7.363306940533221e-05
2025-10-06 00:00:00+00:00,0.0261550713330507,2.834324186551385e-05,-0.0004158875963184983
2025-10-07 00:00:00+00:00,0.0397442243993282,4.1878389311023057e-05,-0.0003140554763376713
2025-10-08 00:00:00+00:00,0.03773103840649125,4.7491628720308654e-05,-0.00013850736286258325
2025-10-09 00:00:00+00:00,0.0357178524136543,5.310486812959425e-05,3.704075061250478e-05
2025-10-10 00:00:00+00:00,0.0327807664871215,4.121749589103274e-05,-0.0001361432223347947
2025-10-11 00:00:00+00:00,0.0389535948634147,2.8751826903317124e-05,0.0001023577497107908
2025-10-12 00:00:00+00:00,0.0278546512126922,1.8128694136976264e-05,0.0001112916215788573
2025-10-13 00:00:00+00:00,0.0286197997629642,2.579307147243526e-05,-0.00012938134022988376
2025-10-14 00:00:00+00:00,0.0293849483132362,4.741535667562857e-05,-0.0003700543020386249
2025-10-15 00:00:00+00:00,0.0280566532164812,3.126192314084619e-05,8.301653724629432e-05
2025-10-16 00:00:00+00:00,0.0331726185977458,4.41788652096875e-05,-0.0001335255801677704
2025-10-17 00:00:00+00:00,0.0296860747039318,2.7083226086688228e-05,3.9314258174272254e-05
2025-10-18 00:00:00+00:00,0.03101117722690104,2.45070787059376e-05,0.00010714882228057832
2025-10-19 00:00:00+00:00,0.03233627974987027,3.7410047904510676e-05,0.0001260889694094658
2025-10-20 00:00:00+00:00,0.03366138227283951,5.0313017103083744e-05,0.00014502911653835326
2025-10-21 00:00:00+00:00,0.03498648479580875,6.321598630165681e-05,0.00016396926366724074
2025-10-22 00:00:00+00:00,0.03631158731877799,5.790020077256486e-05,0.0001000361044134479
2025-10-23 00:00:00+00:00,0.03763668984174723,5.25844152434729e-05,3.610294515965506e-05
2025-10-24 00:00:00+00:00,0.03896179236471646,5.086847522761673e-05,0.00010041922723758034
2025-10-25 00:00:00+00:00,0.0402868948876857,4.915253521176055e-05,0.00016473550931550562
2025-10-26 00:00:00+00:00,0.0335026010870933,4.868705839137821e-05,-0.0001277938426937908
2025-10-27 00:00:00+00:00,0.032362587749958,4.822158157099586e-05,-0.00010891601149606603
2025-10-28 00:00:00+00:00,0.0312225744128227,4.775610475061352e-05,-9.003818029834127e-05
2025-10-29 00:00:00+00:00,0.0339444242417812,4.729062793023117e-05,-7.116034910061651e-05
2025-10-30 00:00:00+00:00,0.0366662740707397,4.682515110984883e-05,-5.228251790289174e-05
2025-10-31 00:00:00+00:00,0.036069073847361924,4.635967428946649e-05,-3.340468670516698e-05
2025-11-01 00:00:00+00:00,0.03547187362398416,4.589419746908414e-05,-1.4526855507442221e-05
2025-11-02 00:00:00+00:00,0.03487467340060638,4.54287206487018e-05,4.3509756902825525e-06
2025-11-03 00:00:00+00:00,0.034277473177228616,4.496324382831945e-05,2.3228806888007312e-05
2025-11-04 00:00:00+00:00,0.03368027295385084,4.449776700793711e-05,4.210663808573207e-05
2025-11-05 00:00:00+00:00,0.033083072730473076,4.403229018755476e-05,6.098446928345683e-05
2025-11-06 00:00:00+00:00,0.0324858725070953,4.356681336717242e-05,7.986230048118159e-05
2025-11-07 00:00:00+00:00,0.0208542514592409,4.3101336546790076e-05,7.618798621546443e-05
2025-11-08 00:00:00+00:00,0.02155632649858791,4.263585972640773e-05,7.251367194974726e-05
2025-11-09 00:00:00+00:00,0.022258401537934926,4.2170382906025386e-05,6.88393576840301e-05
2025-11-10 00:00:00+00:00,0.022960476577281938,4.1704906085643045e-05,6.516504341831292e-05
2025-11-11 00:00:00+00:00,0.023662551616628953,4.1239429265260696e-05,6.149072915259576e-05
2025-11-12 00:00:00+00:00,0.024364626655975965,4.0773952444878355e-05,5.78164148868786e-05
2025-11-13 00:00:00+00:00,0.02506670169532298,4.0308475624496006e-05,5.4142100621161425e-05
2025-11-14 00:00:00+00:00,0.02576877673466999,3.9842998804113665e-05,5.0467786355444264e-05
2025-11-15 00:00:00+00:00,0.026470851774017007,3.9377521983731317e-05,4.6793472089727096e-05
2025-11-16 00:00:00+00:00,0.02717292681336402,3.8912045163348975e-05,4.311915782400993e-05
2025-11-17 00:00:00+00:00,0.02787500185271103,3.844656834296663e-05,3.944484355829276e-05
2025-11-18 00:00:00+00:00,0.028577076892058045,3.7981091522584285e-05,3.57705292925756e-05
2025-11-19 00:00:00+00:00,0.02927915193140506,3.7515614702201943e-05,3.209621502685843e-05
2025-11-20 00:00:00+00:00,0.029981226970752072,3.7050137881819595e-05,2.8421900761141265e-05
2025-11-21 00:00:00+00:00,0.030683302010099084,3.6584661061437253e-05,2.4747586495424097e-05
2025-11-22 00:00:00+00:00,0.0313853770494461,3.6119184241054905e-05,2.1073272229706937e-05
2025-11-23 00:00:00+00:00,0.0337221585214138,3.5653707420672564e-05,1.7398957963989762e-05
2025-11-24 00:00:00+00:00,0.03199877496808765,3.518823060029022e-05,1.3724643698272601e-05
2025-11-25 00:00:00+00:00,0.0302753914147615,3.4722753779907874e-05,1.005032943255544e-05
2025-11-26 00:00:00+00:00,0.0292022358626127,3.425727695952553e-05,6.376015166838266e-06
2025-11-27 00:00:00+00:00,0.0259105423465371,3.379180013914319e-05,2.701700901121105e-06
2025-11-28 00:00:00+00:00,0.0226188488304615,3.332632331876084e-05,-9.726133645960694e-07
2025-11-29 00:00:00+00:00,0.02385996989905834,3.4496912504485076e-05,-4.64692763031323e-06
2025-11-30 00:00:00+00:00,0.025101090967655178,3.56675016902093e-05,-8.321241896030391e-06
2025-12-01 00:00:00+00:00,0.02634221203625202,3.683809087593354e-05,-1.1995556161747566e-05
2025-12-02 00:00:00+00:00,0.02758333310484886,3.8008680061657764e-05,-1.5669870427464726e-05
2025-12-03 00:00:00+00:00,0.0288244541734457,3.9179269247382e-05,-1.9344184693181887e-05
2025-12-04 00:00:00+00:00,0.029900393847908286,4.034985843310623e-05,-2.457346454320941e-05
2025-12-05 00:00:00+00:00,0.030976333522370874,4.152044761883046e-05,-2.9802744393236932e-05
2025-12-06 00:00:00+00:00,0.03205227319683346,4.269103680455469e-05,-3.4185974800493565e-05
2025-12-07 00:00:00+00:00,0.033128212871296046,4.386162599027892e-05,-3.8569205207750196e-05
2025-12-08 00:00:00+00:00,0.034204152545758634,4.503221517600315e-05,-4.295243561500683e-05
2025-12-09 00:00:00+00:00,0.035280092220221215,4.620280436172739e-05,-4.733566602226347e-05
2025-12-10 00:00:00+00:00,0.0363560318946838,4.7373393547451614e-05,-5.17188964295201e-05
2025-12-11 00:00:00+00:00,0.0283433627337217,4.854398273317584e-05,-6.837709515821189e-05
2025-12-12 00:00:00+00:00,0.0325112640857696,4.9714571918900075e-05,-8.503529388690368e-05
2025-12-13 00:00:00+00:00,0.0326460525393486,5.088516110462431e-05,-0.00010169349261559545
2025-12-14 00:00:00+00:00,0.031628156080842004,5.205575029034854e-05,-0.00011835169134428724
2025-12-15 00:00:00+00:00,0.0306102596223354,5.322633947607277e-05,-0.00013500989007297903
2025-12-16 00:00:00+00:00,0.0298908585682511,5.4396928661797e-05,-0.00011457279227518787
2025-12-17 00:00:00+00:00,0.0291714575141668,5.556751784752123e-05,-9.41356944773967e-05
2025-12-18 00:00:00+00:00,0.027886737138032875,5.487331918629934e-05,-7.369859667960554e-05
2025-12-19 00:00:00+00:00,0.026602016761898953,5.417912052507745e-05,-5.3261498881814376e-05
2025-12-20 00:00:00+00:00,0.025317296385765027,5.348492186385556e-05,-3.282440108402322e-05
2025-12-21 00:00:00+00:00,0.0240325760096311,5.279072320263367e-05,-1.2387303286232054e-05
2025-12-22 00:00:00+00:00,0.02484226226806635,5.209652454141178e-05,8.0497945115591e-06
2025-12-23 00:00:00+00:00,0.0256519485265016,5.140232588018989e-05,2.848689230935028e-05
2025-12-24 00:00:00+00:00,0.02646163478493685,5.0708127218968e-05,4.8923990107141435e-05
2025-12-25 00:00:00+00:00,0.0272713210433721,5.001392855774611e-05,6.936108790493259e-05
2025-12-26 00:00:00+00:00,0.0282885492779314,4.931972989652422e-05,8.979818570272377e-05
2025-12-27 00:00:00+00:00,0.0293057775124907,4.862553123530233e-05,0.00011023528350051492
2025-12-28 00:00:00+00:00,0.030323005747050002,4.793133257408044e-05,0.0001306723812983061
2025-12-29 00:00:00+00:00,0.0313402339816093,4.723713391285855e-05,0.00015110947909609723
2025-12-30 00:00:00+00:00,0.030841361358761744,4.6542935251636663e-05,0.0001715465768938884
2025-12-31 00:00:00+00:00,0.03034248873591418,4.5848736590414774e-05,-5.304406901511055e-05
2026-01-01 00:00:00+00:00,0.029843616113066622,4.5154537929192884e-05,-0.0002776347149241095
2026-01-02 00:00:00+00:00,0.02934474349021906,4.4460339267970994e-05,-0.0005022253608331084
2026-01-03 00:00:00+00:00,0.0288458708673715,4.41493748974822e-05,-0.0004773914458512861
2026-01-04 00:00:00+00:00,0.0251887701451778,4.383841052699341e-05,-0.00045255753086946376
2026-01-05 00:00:00+00:00,0.0253362138755619,4.3527446156504616e-05,-0.00042772361588764137
2026-01-06 00:00:00+00:00,0.025483657605946,4.321648178601583e-05,-0.00040288970090581903
2026-01-07 00:00:00+00:00,0.0256311013363301,4.290551741552703e-05,-0.00037805578592399664
2026-01-08 00:00:00+00:00,0.0257785450667142,4.2594553045038245e-05,-0.0003532218709421743
2026-01-09 00:00:00+00:00,0.026267116578916633,4.228358867454945e-05,-0.000328387955960352
2026-01-10 00:00:00+00:00,0.026755688091119067,4.197262430406066e-05,-0.00030355404097852964
2026-01-11 00:00:00+00:00,0.0272442596033215,4.1661659933571866e-05,-0.0002787201259967073
2026-01-12 00:00:00+00:00,0.027732831115523934,4.135069556308308e-05,-0.0002538862110148849
2026-01-13 00:00:00+00:00,0.028221402627726367,4.103973119259428e-05,-0.00022905229603306258
2026-01-14 00:00:00+00:00,0.0287099741399288,4.0728766822105495e-05,-0.00020421838105124025
2026-01-15 00:00:00+00:00,0.0286747809499502,4.04178024516167e-05,-0.0001793844660694179
2026-01-16 00:00:00+00:00,0.0286395877599716,4.0106838081127905e-05,-0.00015455055108759552
2026-01-17 00:00:00+00:00,0.028604394569993,3.979587371063912e-05,-0.0001364296719354267
2026-01-18 00:00:00+00:00,0.0285692013800144,3.948490934015033e-05,-0.00011830879278325787
2026-01-19 00:00:00+00:00,0.0285340081900358,3.9173944969661534e-05,-0.00010018791363108905
2026-01-20 00:00:00+00:00,0.0267820861190557,3.500126476865262e-05,-0.00010590647434582934
2026-01-21 00:00:00+00:00,0.0250301640480756,3.0828584567643705e-05,-0.00011162503506056964
2026-01-22 00:00:00+00:00,0.027033840616544035,2.6655904366634787e-05,-2.613834900936733e-05
2026-01-23 00:00:00+00:00,0.029037517185012466,2.2483224165625872e-05,5.934833704183498e-05
2026-01-24 00:00:00+00:00,0.0310411937534809,1.8310543964616954e-05,0.0001448350230930373
2026-01-25 00:00:00+00:00,0.0254365913569927,2.5562628434272482e-05,0.00011524068045218883
2026-01-26 00:00:00+00:00,0.02951476164162155,3.281471290392801e-05,8.564633781134034e-05
2026-01-27 00:00:00+00:00,0.0335929319262504,4.006679737358354e-05,5.605199517049187e-05
2026-01-28 00:00:00+00:00,0.0328514408320188,4.7318881843239066e-05,2.6457652529643377e-05
2026-01-29 00:00:00+00:00,0.0321099497377872,5.45709663128946e-05,-3.1366901112050982e-06
2026-01-30 00:00:00+00:00,0.0335251912474632,5.0604330681380816e-05,8.08039352477863e-05
2026-01-31 00:00:00+00:00,0.0295781064778566,4.663769504986704e-05,0.00016474456060677767
2026-02-01 00:00:00+00:00,0.03059938643127675,5.9871275880141184e-05,-1.5956105926306918e-05
2026-02-02 00:00:00+00:00,0.0316206663846969,7.310485671041533e-05,-0.00046294223284348845
2026-02-03 00:00:00+00:00,0.0304219089448452,3.112992271780968e-05,6.736622890457511e-05
2026-02-04 00:00:00+00:00,0.0274453815072774,4.388988236314617e-05,-6.191764441609848e-06
2026-02-05 00:00:00+00:00,0.029547001235186998,4.395033623871353e-05,4.730016507892287e-05
2026-02-06 00:00:00+00:00,0.0316486209630966,4.401079011428089e-05,0.0001007920945994556
2026-02-07 00:00:00+00:00,0.03121200446039436,4.407124398984825e-05,0.00010588697443294916
2026-02-08 00:00:00+00:00,0.030775387957692118,4.413169786541561e-05,0.00011098185426644271
2026-02-09 00:00:00+00:00,0.03033877145498988,4.4192151740982965e-05,0.00011607673409993628
2026-02-10 00:00:00+00:00,0.029902154952287638,4.4252605616550326e-05,0.00012117161393342983
2026-02-11 00:00:00+00:00,0.0294655384495854,4.431305949211769e-05,0.00012626649376692339
2026-02-12 00:00:00+00:00,0.02902892194688316,4.437351336768504e-05,0.00013136137360041697
2026-02-13 00:00:00+00:00,0.02859230544418092,4.4433967243252404e-05,0.00013645625343391052
2026-02-14 00:00:00+00:00,0.02815568894147868,4.4494421118819765e-05,0.00014155113326740407
2026-02-15 00:00:00+00:00,0.027719072438776443,4.455487499438712e-05,0.00014664601310089765
2026-02-16 00:00:00+00:00,0.0272824559360742,4.461532886995448e-05,0.0001517408929343912
2026-02-17 00:00:00+00:00,0.026637861843813494,4.4675782745521836e-05,0.00015683577276788476
2026-02-18 00:00:00+00:00,0.025993267751552782,4.47362366210892e-05,0.0001619306526013783
2026-02-19 00:00:00+00:00,0.025348673659292074,4.479669049665656e-05,0.00016702553243487186
2026-02-20 00:00:00+00:00,0.024704079567031363,4.4857144372223914e-05,0.00017212041226836544
2026-02-21 00:00:00+00:00,0.024059485474770655,4.4917598247791275e-05,0.000177215292101859
2026-02-22 00:00:00+00:00,0.023414891382509948,4.497805212335864e-05,0.00018231017193535255
2026-02-23 00:00:00+00:00,0.022770297290249236,4.503850599892599e-05,0.00018740505176884613
2026-02-24 00:00:00+00:00,0.02212570319798853,4.509895987449335e-05,0.00019249993160233968
2026-02-25 00:00:00+00:00,0.02148110910572782,4.5159413750060715e-05,0.00019759481143583323
2026-02-26 00:00:00+00:00,0.02083651501346711,4.521986762562807e-05,0.0002026896912693268
2026-02-27 00:00:00+00:00,0.0201919209212064,4.528032150119543e-05,0.00020778457110282036
2026-02-28 00:00:00+00:00,0.0263729691505432,4.7823390923440455e-05,-7.088234269758686e-05
2026-03-01 00:00:00+00:00,0.026146236341446624,5.036646034568548e-05,-7.300580546143465e-05
2026-03-02 00:00:00+00:00,0.02591950353235005,5.290952976793051e-05,-7.512926822528243e-05
2026-03-03 00:00:00+00:00,0.025692770723253475,5.5452599190175535e-05,-7.725273098913021e-05
2026-03-04 00:00:00+00:00,0.0254660379141569,5.799566861242056e-05,-7.9376193752978e-05
2026-03-05 00:00:00+00:00,0.0293568018823862,4.799821044798591e-05,-0.00013738734317788234
2026-03-06 00:00:00+00:00,0.029188194001714365,3.8000752283551265e-05,-0.0001953984926027867
2026-03-07 00:00:00+00:00,0.029019586121042534,2.800329411911662e-05,-0.000253409642027691
2026-03-08 00:00:00+00:00,0.0288509782403707,1.800583595468197e-05,4.610124960890971e-05
2026-03-09 00:00:00+00:00,0.0274643804877996,2.3243585322537303e-05,8.56081624078797e-05
2026-03-10 00:00:00+00:00,0.0320840068161487,2.8481334690392636e-05,0.0001251150752068497
2026-03-11 00:00:00+00:00,0.0287077231332659,3.371908405824797e-05,0.00016462198800581968
2026-03-12 00:00:00+00:00,0.0253314394503831,3.89568334261033e-05,0.00020412890080478968
2026-03-13 00:00:00+00:00,0.026719111017882748,4.419458279395863e-05,0.0002436358136037597
2026-03-14 00:00:00+00:00,0.0281067825853824,4.943233216181397e-05,0.0002831427264027297
2026-03-15 00:00:00+00:00,0.0306531265377998,4.9590875520758944e-05,0.00013713125781578126
2026-03-16 00:00:00+00:00,0.026465218514204,4.974941887970393e-05,-8.880210771167185e-06
2026-03-17 00:00:00+00:00,0.0304220523685216,4.9907962238648904e-05,-5.067800835108342e-05
2026-03-18 00:00:00+00:00,0.0285195931792259,5.006650559759388e-05,-9.247580593099966e-05
2026-03-19 00:00:00+00:00,0.029272851347923262,5.0225048956538856e-05,-0.00013427360351091588
2026-03-20 00:00:00+00:00,0.03002610951662062,5.038359231548384e-05,-0.00017607140109083213
2026-03-21 00:00:00+00:00,0.03077936768531798,5.0542135674428816e-05,-0.00021786919867074835
2026-03-22 00:00:00+00:00,0.03153262585401534,5.070067903337379e-05,-0.00025966699625066457
2026-03-23 00:00:00+00:00,0.0322858840227127,5.085922239231877e-05,-0.00030146479383058084
2026-03-24 00:00:00+00:00,0.0284175807610154,5.101776575126375e-05,-0.00034326259141049707
2026-03-25 00:00:00+00:00,0.0245492774993181,5.117630911020873e-05,-0.0003850603889904133
2026-03-26 00:00:00+00:00,0.0263242814689874,5.1334852469153705e-05,-0.0004268581865703295
2026-03-27 00:00:00+00:00,0.0280134044587612,5.149339582809868e-05,-0.0004686559841502458
2026-03-28 00:00:00+00:00,0.029767574742436402,5.1651939187043665e-05,-8.980043639894575e-05
2026-03-29 00:00:00+00:00,0.0315217450261116,5.181048254598864e-05,0.0002890551113523543
2026-03-30 00:00:00+00:00,0.030975756545861537,4.093337702215649e-05,0.0001519379826883475
2026-03-31 00:00:00+00:00,0.030429768065611467,3.005627149832435e-05,1.4820854024340691e-05
2026-04-01 00:00:00+00:00,0.0298837795853614,1.9179165974492207e-05,-0.00012229627463966608
2026-04-02 00:00:00+00:00,0.0309602506458759,5.673317355103791e-05,0.00013314546959009022
2026-04-03 00:00:00+00:00,0.0272626560181379,2.6634759706212208e-05,-0.0001886086683953181
2026-04-04 00:00:00+00:00,0.02715436462312935,2.890851283154916e-05,-0.00012320292262302246
2026-04-05 00:00:00+00:00,0.0270460732281208,3.118226595688611e-05,-5.779717685072683e-05
2026-04-06 00:00:00+00:00,0.028881724923849102,3.027269927510393e-05,-0.0001461551419197349
2026-04-07 00:00:00+00:00,0.0307173766195774,2.936313259332175e-05,-0.00023451310698874292
2026-04-08 00:00:00+00:00,0.0325530283153057,2.8453565911539567e-05,-1.65473829838447e-05
2026-04-09 00:00:00+00:00,0.032937919100125605,2.7543999229757385e-05,0.00020141834102105352
2026-04-10 00:00:00+00:00,0.0333228098849455,2.66344325479752e-05,0.0004193840650259517
2026-04-11 00:00:00+00:00,0.0337077006697654,2.5724865866193018e-05,0.0006373497890308499
2026-04-12 00:00:00+00:00,0.0262344572693109,2.4815299184410836e-05,9.738586959429084e-05
2026-04-13 00:00:00+00:00,0.024696284905076,2.376270276727155e-05,0.0002683862403500825
2026-04-14 00:00:00+00:00,0.02626156900078055,3.204416498192586e-05,-0.00016777953715063632
2026-04-15 00:00:00+00:00,0.0278268530964851,3.143216599710286e-05,0.0004571749013848603
2026-04-16 00:00:00+00:00,0.03000944107770915,4.102444290765561e-05,-0.00016334991960320622
2026-04-17 00:00:00+00:00,0.0321920290589332,3.1929390388540924e-05,0.0004734385875053704
2026-04-18 00:00:00+00:00,0.0303553249686956,5.145687100593932e-05,0.00031364362803287804
2026-04-19 00:00:00+00:00,0.031424686312675434,5.155291910341475e-05,0.00017981552991841454
2026-04-20 00:00:00+00:00,0.03249404765665526,5.164896720089018e-05,4.598743180395104e-05
2026-04-21 00:00:00+00:00,0.0335634090006351,4.433753365447046e-05,8.318992968270322e-05
2026-04-22 00:00:00+00:00,0.032890095375478226,3.7026100108050736e-05,0.0001203924275614554
2026-04-23 00:00:00+00:00,0.03221678175032135,2.9714666561631015e-05,0.0001575949254402076
2026-04-24 00:00:00+00:00,0.031543468125164474,2.2403233015211295e-05,0.00019479742331895977
2026-04-25 00:00:00+00:00,0.0308701545000076,1.5091799468791578e-05,0.00020401524670887736
2026-04-26 00:00:00+00:00,0.03015077859163282,4.116538184462115e-05,9.519569721305744e-05
2026-04-27 00:00:00+00:00,0.029431402683258036,3.688401496522905e-05,-9.424460586160408e-06
2026-04-28 00:00:00+00:00,0.02871202677488325,3.260264808583694e-05,-0.00011404461838537828
2026-04-29 00:00:00+00:00,0.027992650866508467,2.8321281206444837e-05,0.0002771699328150134
2026-04-30 00:00:00+00:00,0.027273274958133684,2.403991432705273e-05,0.0006683844840154052
2026-05-01 00:00:00+00:00,0.0265538990497589,1.975854744766063e-05,0.0003077122692047851
2026-05-02 00:00:00+00:00,0.0239251498132944,1.5477180568268523e-05,-5.295994560583495e-05
2026-05-03 00:00:00+00:00,0.0289253648370504,3.279707379988395e-05,3.0956012778915465e-05
2026-05-04 00:00:00+00:00,0.02873291261494155,4.30854270234704e-05,-4.488795457291417e-05
2026-05-05 00:00:00+00:00,0.0285404603928327,3.932229446945712e-05,9.710419726616237e-05
2026-05-06 00:00:00+00:00,0.024255821481347,3.7518941098824143e-05,0.0002390963491052389
2026-05-07 00:00:00+00:00,0.0256238803267478,4.3377771362429485e-05,-9.980124741559848e-05
2026-05-08 00:00:00+00:00,0.0254768542945384,1.4585280041501392e-05,-9.409989434061572e-05
2026-05-09 00:00:00+00:00,0.02985031716525545,2.2469120722234948e-05,2.8928541723871604e-05
2026-05-10 00:00:00+00:00,0.0342237800359725,3.0352961402968504e-05,0.00015195697778835893
2026-05-11 00:00:00+00:00,0.0247327331453561,2.722256795095745e-05,-0.0004278809938114137
2026-05-12 00:00:00+00:00,0.0211683213710784,2.8966138415853493e-05,0.00012605158553924412
2026-05-13 00:00:00+00:00,0.0283999983221292,3.382597424206324e-05,6.886283517815173e-05
2026-05-14 00:00:00+00:00,0.0283363722264766,3.152041244902648e-05,0.0005238946760073304
2026-05-15 00:00:00+00:00,0.028272746130824,4.861346678808332e-05,-5.026580765843392e-05
2026-05-16 00:00:00+00:00,0.02734919730573885,4.803887713933364e-05,-8.445045386906713e-05
2026-05-17 00:00:00+00:00,0.0264256484806537,4.746428749058396e-05,-0.00011863510007970035
2026-05-18 00:00:00+00:00,0.0281163081526756,4.688969784183428e-05,-0.00015281974629033357
2026-05-19 00:00:00+00:00,0.0329292081296443,4.63151081930846e-05,-0.0001870043925009668
2026-05-20 00:00:00+00:00,0.0287360064685344,4.574051854433492e-05,-0.0002211890387116
2026-05-21 00:00:00+00:00,0.0324469320476055,4.516592889558524e-05,-0.0002553736849222332
2026-05-22 00:00:00+00:00,0.0344886258244514,6.815815140726045e-05,0.00017076449876185507
2026-05-23 00:00:00+00:00,0.0231615379452705,6.388659676304087e-05,0.0005969026824459434
2026-05-24 00:00:00+00:00,0.0279546901583671,4.964220352121629e-05,0.0004084537213202566
2026-05-25 00:00:00+00:00,0.0315120257437229,6.04748693149304e-05,0.0002784277603495866
2026-05-26 00:00:00+00:00,0.0351927280426025,7.130753510864452e-05,-3.4187502023996785e-05
2026-05-27 00:00:00+00:00,0.0308089926838874,6.437154661398381e-05,5.644089590835695e-05
2026-05-28 00:00:00+00:00,0.0335335880517959,5.7435558119323105e-05,0.00014706929384071069
2026-05-29 00:00:00+00:00,0.0384511090815067,5.04995696246624e-05,0.00023769769177306443
2026-05-30 00:00:00+00:00,0.03310270048677915,4.3563581130001694e-05,0.00013096537077217363
2026-05-31 00:00:00+00:00,0.0277542918920516,3.662759263534099e-05,2.4233049771282825e-05
2026-06-01 00:00:00+00:00,0.0299310833215713,4.908439586870372e-05,-0.00019161899399477988
2026-06-02 00:00:00+00:00,0.0266729816794395,4.344267654232681e-05,-1.428399536962388e-05
2026-06-03 00:00:00+00:00,0.0310726184397935,4.996923598810099e-05,9.20738239074126e-05
2026-06-04 00:00:00+00:00,0.0291084088385105,5.907367085455917e-05,0.0004837278102058917
2026-06-05 00:00:00+00:00,0.0285553578287363,2.550844510551542e-05,7.522328814957291e-05
2026-06-06 00:00:00+00:00,0.0280130710452795,2.410198976576794e-05,-0.00024049273633863777
2026-06-07 00:00:00+00:00,0.02612173743546,4.933719537802972e-05,-0.00033678527688607574
2026-06-08 00:00:00+00:00,0.0228362195193767,5.074045475339517e-05,-1.5052092749101575e-05
2026-06-09 00:00:00+00:00,0.0279433410614728,3.9288850530283526e-05,0.0004969855071976781
2026-06-10 00:00:00+00:00,0.0327390469610691,4.936241020914167e-05,0.00039993622340261936
2026-06-11 00:00:00+00:00,0.0311238635331392,4.396419899421744e-05,0.00030288693960756063
2026-06-12 00:00:00+00:00,0.02611824776977295,4.8323601731681265e-05,0.00019778528439928778
2026-06-13 00:00:00+00:00,0.0211126320064067,5.268300446914509e-05,9.268362919101492e-05
2026-06-14 00:00:00+00:00,0.0295320488512516,2.9990425900905396e-05,5.074723230791278e-05
2026-06-15 00:00:00+00:00,0.0249055605381727,5.610175139736384e-05,-8.255912689492106e-05
2026-06-16 00:00:00+00:00,0.0259987991303205,4.561715468298644e-05,-9.534058335702866e-05
2026-06-17 00:00:00+00:00,0.0284677483141422,4.380872633191757e-05,0.00022776443074690178
2026-06-18 00:00:00+00:00,0.0275550018996,4.917981277685613e-05,0.0005508694448508322
2026-06-19 00:00:00+00:00,0.029518075287342,5.591240551439114e-05,3.998509782832116e-05
2026-06-20 00:00:00+00:00,0.0352042205631732,3.171380012645386e-05,0.00044696469558402896
2026-06-21 00:00:00+00:00,0.0302216429263353,1.6809370208648033e-05,0.0002599664148874581
2026-06-22 00:00:00+00:00,0.0285546947270631,1.6801295714685693e-05,0.00020559744734782728
2026-06-23 00:00:00+00:00,0.0310248304158449,2.975477218569722e-05,0.0005299326730892062
2026-06-24 00:00:00+00:00,0.0239586047828197,4.270824865670875e-05,9.645729733165354e-05
2026-06-25 00:00:00+00:00,0.0270253028720617,3.412044679862447e-05,-4.396587974042632e-05
2026-06-26 00:00:00+00:00,0.0278357435017824,2.0306921214796603e-05,0.00025488383835181594
2026-06-27 00:00:00+00:00,0.031107097864151,3.514917261782102e-05,-4.7111072490224615e-05
2026-06-28 00:00:00+00:00,0.026784387417137602,4.627604357665405e-05,0.0004577225772663951
2026-06-29 00:00:00+00:00,0.0224616769701242,5.990375211695209e-05,0.00017683496116660535
2026-06-30 00:00:00+00:00,0.0272062942385673,3.7584060919471085e-05,-0.0004041536885779351
2026-07-01 00:00:00+00:00,0.0272383466362953,5.130413774168119e-05,0.00017467465659137815
2026-07-02 00:00:00+00:00,0.0290097799152135,6.425674655474722e-05,8.97636273293756e-05
2026-07-03 00:00:00+00:00,0.0282189045101404,3.690012090373784e-05,9.68994208960794e-05
2026-07-04 00:00:00+00:00,0.0244501959532499,3.33094758389052e-05,-0.000541649351362139
2026-07-05 00:00:00+00:00,0.0252877995371818,2.0205176042509265e-05,-0.0002536283864174038
2026-07-06 00:00:00+00:00,0.0331513881683349,3.084449053858407e-05,-1.604860881343484e-05
2026-07-07 00:00:00+00:00,0.034147061407566,3.1120143830776215e-05,0.0002215311687905341
2026-07-08 00:00:00+00:00,0.0351693928241729,3.3252377761527896e-05,0.0005027599399909377
2026-07-09 00:00:00+00:00,0.02960916608572,5.093121944810264e-05,0.00047018073382787406
2026-07-10 00:00:00+00:00,0.0224975124001503,3.331266634631902e-05,-0.00019222187984269112
2026-07-11 00:00:00+00:00,0.02696659229695795,3.0343051548697986e-05,-0.0003455103360465728
2026-07-12 00:00:00+00:00,0.0314356721937656,2.737343675107695e-05,-0.0004987987922504544
2026-07-13 00:00:00+00:00,0.0339455269277095,3.992536221630871e-05,-0.00019421706383582205
2026-07-14 00:00:00+00:00,0.0256303530186414,4.096907287021168e-05,-2.0934960048180077e-05
2026-07-15 00:00:00+00:00,0.0217555202543735,3.484748594928533e-05,-0.00020377433975227177
2026-07-16 00:00:00+00:00,0.0260938666760921,3.408885095268488e-05,-0.00017008149006869644
2026-07-17 00:00:00+00:00,0.0224508419632911,4.35740512330085e-05,0.00011079158139182256
2026-07-18 00:00:00+00:00,0.0291660632938146,3.0089986466919072e-05,-0.00010303902672603726
2026-07-19 00:00:00+00:00,0.0322998575866222,3.108343298663385e-05,0.00042837433284148574
2026-07-20 00:00:00+00:00,0.0282939430326223,4.89239209855441e-05,-3.067356715291681e-07
2026-07-21 00:00:00+00:00,0.0348458550870418,3.944558193325065e-05,4.721265577245504e-05
2026-07-22 00:00:00+00:00,0.0368634387850761,3.5995504731545225e-05,-8.466120925731957e-05
2026-07-23 00:00:00+00:00,0.0396950654685497,3.7514969638626404e-05,-2.782183491945034e-05
2026-07-24 00:00:00+00:00,0.0332718454301357,3.903443454570758e-05,2.901753941841889e-05
2026-07-25 00:00:00+00:00,0.0320435734465718,4.055389945278876e-05,0.0006733583868481219
2026-07-26 00:00:00+00:00,0.0308153014630079,3.915347770089284e-05,-0.00022090862330514935
2026-07-27 00:00:00+00:00,0.03191991026202833,4.31780736107612e-05,-9.294325354858299e-05
2026-07-28 00:00:00+00:00,0.033024519061048765,4.720266952062957e-05,3.502211620798337e-05
2026-07-29 00:00:00+00:00,0.0341291278600692,4.0329050534637645e-05,0.00016298748596454973
2026-07-30 00:00:00+00:00,0.0319823622703552,3.345543154864572e-05,0.00029095285572111607
2026-07-31 00:00:00+00:00,0.0302236583083868,3.9927312172949314e-05,0.00012820243136957288
2026-08-01 00:00:00+00:00,0.0302318781614303,1.819676435843576e-05,-7.325603746721754e-06
2026-08-02 00:00:00+00:00,0.0288203870877623,1.272791087103542e-05,-0.00019669020548462868
2026-08-03 00:00:00+00:00,0.0274088960140943,1.6458174286526628e-05,1.840879303927068e-05
2026-08-04 00:00:00+00:00,0.0268397163599729,2.332582880626433e-05,-8.830877959553618e-06
2026-08-05 00:00:00+00:00,0.0262705367058515,2.389921610301826e-05,0.00023655648692511025
2026-08-06 00:00:00+00:00,0.0247985403984785,3.3380496461177245e-05,-2.4945452423708048e-06
2026-08-07 00:00:00+00:00,0.0353228822350502,1.974448059627321e-05,-3.8850087321407045e-05
2026-08-08 00:00:00+00:00,0.0330089442431926,4.7019257181091234e-05,-7.520562940044329e-05
2026-08-09 00:00:00+00:00,0.0311487764120101,2.6355777663411573e-05,0.0005867762956768274
2026-08-10 00:00:00+00:00,0.0337416380643844,3.3100202927016646e-05,0.00010884046787396072
2026-08-11 00:00:00+00:00,0.0363344997167587,3.984462819062173e-05,0.0002576027764007449
2026-08-12 00:00:00+00:00,0.0278314929455518,3.986514275311493e-05,0.0002989628119394183
2026-08-13 00:00:00+00:00,0.0300141498446464,3.77703327103518e-05,-0.00045665015932172537
2026-08-14 00:00:00+00:00,0.0403459519147872,3.647333869594149e-05,0.00020312657579779625
2026-08-15 00:00:00+00:00,0.03811053708195678,3.962199843954295e-05,-0.00017414735339116305
2026-08-16 00:00:00+00:00,0.03587512224912636,2.9195165552664548e-05,-0.0001227944158017635
2026-08-17 00:00:00+00:00,0.03363970741629594,1.5956444258335978e-05,9.874823263089638e-06
2026-08-18 00:00:00+00:00,0.03140429258346552,2.2097228793427348e-05,0.00011999265552731232
2026-08-19 00:00:00+00:00,0.0291688777506351,3.369890691828914e-05,0.00013676811067853123
2026-08-20 00:00:00+00:00,0.02660965453833335,2.2429730961448516e-05,0.0004334998084232211
2026-08-21 00:00:00+00:00,0.0240504313260316,3.6520843423204497e-05,0.00019571755547076464
2026-08-22 00:00:00+00:00,0.0268012816086411,3.028690662176814e-05,1.4568619008059612e-05
2026-08-23 00:00:00+00:00,0.0295521318912506,3.667034616228193e-05,0.00028277383535169065
2026-08-24 00:00:00+00:00,0.0322954505681991,3.556386582204141e-05,9.836265962803736e-05
2026-08-25 00:00:00+00:00,0.029852095991373,2.061128725472372e-05,-2.9159957193769515e-05
2026-08-26 00:00:00+00:00,0.0280269309878349,3.5243661841377616e-05,0.0003584740625228733
2026-08-27 00:00:00+00:00,0.0331282056868076,3.733477205969393e-05,-0.0001293834939133376
2026-08-28 00:00:00+00:00,0.033931370824575396,3.946191645809449e-05,-0.0002154541143681854
2026-08-29 00:00:00+00:00,0.0347345359623432,2.8664300771197304e-05,0.00024229884729720647
2026-08-30 00:00:00+00:00,0.0362636931240558,1.7704620404401794e-05,-4.624333087122068e-05
