date,feature_index,CO
2025-09-01T00:00:00.000Z,0,[0.024417333304882]
2025-09-02T00:00:00.000Z,0,[None]
2025-09-03T00:00:00.000Z,0,[0.021429656073451]
2025-09-04T00:00:00.000Z,0,[0.028241716325283]
2025-09-05T00:00:00.000Z,0,[0.0353527888655662]
2025-09-06T00:00:00.000Z,0,[None]
2025-09-07T00:00:00.000Z,0,[0.0367582477629184]
2025-09-08T00:00:00.000Z,0,[None]
2025-09-09T00:00:00.000Z,0,[0.024464851245284]
2025-09-10T00:00:00.000Z,0,[None]
2025-09-11T00:00:00.000Z,0,[None]
2025-09-12T00:00:00.000Z,0,[0.0295462477952241]
2025-09-13T00:00:00.000Z,0,[0.0253954585641622]
2025-09-14T00:00:00.000Z,0,[0.0280575230717659]
2025-09-15T00:00:00.000Z,0,[0.0303043983876705]
2025-09-16T00:00:00.000Z,0,[None]
2025-09-17T00:00:00.000Z,0,[None]
2025-09-18T00:00:00.000Z,0,[None]
2025-09-19T00:00:00.000Z,0,[0.0227726642042398]
2025-09-20T00:00:00.000Z,0,[0.029209166765213]
2025-09-21T00:00:00.000Z,0,[0.0351220108568668]
2025-09-22T00:00:00.000Z,0,[0.0287753157317638]
2025-09-23T00:00:00.000Z,0,[0.038449939340353]
2025-09-24T00:00:00.000Z,0,[0.0360088385641574]
2025-09-25T00:00:00.000Z,0,[0.0278611555695533]
2025-09-26T00:00:00.000Z,0,[0.0307974480092525]
2025-09-27T00:00:00.000Z,0,[0.0331938192248344]
2025-09-28T00:00:00.000Z,0,[0.0324476808309555]
2025-09-29T00:00:00.000Z,0,[0.0312047265470027]
2025-09-30T00:00:00.000Z,0,[None]
2025-10-01T00:00:00.000Z,0,[None]
2025-10-02T00:00:00.000Z,0,[0.0268333908170461]
2025-10-03T00:00:00.000Z,0,[0.0338977836072444]
2025-10-04T00:00:00.000Z,0,[0.0313417986035347]
2025-10-05T00:00:00.000Z,0,[0.0310300271958112]
2025-10-06T00:00:00.000Z,0,[0.0261550713330507]
2025-10-07T00:00:00.000Z,0,[0.0397442243993282]
2025-10-08T00:00:00.000Z,0,[None]
2025-10-09T00:00:00.000Z,0,[0.0357178524136543]
2025-10-10T00:00:00.000Z,0,[0.0327807664871215]
2025-10-11T00:00:00.000Z,0,[0.0389535948634147]
2025-10-12T00:00:00.000Z,0,[0.0278546512126922]
2025-10-13T00:00:00.000Z,0,[None]
2025-10-14T00:00:00.000Z,0,[0.0293849483132362]
2025-10-15T00:00:00.000Z,0,[0.0280566532164812]
2025-10-16T00:00:00.000Z,0,[0.0331726185977458]
2025-10-17T00:00:00.000Z,0,[0.0296860747039318]
2025-10-18T00:00:00.000Z,0,[None]
2025-10-19T00:00:00.000Z,0,[None]
2025-10-20T00:00:00.000Z,0,[None]
2025-10-21T00:00:00.000Z,0,[None]
2025-10-22T00:00:00.000Z,0,[None]
2025-10-23T00:00:00.000Z,0,[None]
2025-10-24T00:00:00.000Z,0,[None]
2025-10-25T00:00:00.000Z,0,[0.0402868948876857]
2025-10-26T00:00:00.000Z,0,[0.0335026010870933]
2025-10-27T00:00:00.000Z,0,[None]
2025-10-28T00:00:00.000Z,0,[0.0312225744128227]
2025-10-29T00:00:00.000Z,0,[None]
2025-10-30T00:00:00.000Z,0,[0.0366662740707397]
2025-10-31T00:00:00.000Z,0,[None]
2025-11-01T00:00:00.000Z,0,[None]
2025-11-02T00:00:00.000Z,0,[None]
2025-11-03T00:00:00.000Z,0,[None]
2025-11-04T00:00:00.000Z,0,[None]
2025-11-05T00:00:00.000Z,0,[None]
2025-11-06T00:00:00.000Z,0,[0.0324858725070953]
2025-11-07T00:00:00.000Z,0,[0.0208542514592409]
2025-11-08T00:00:00.000Z,0,[None]
2025-11-09T00:00:00.000Z,0,[None]
2025-11-10T00:00:00.000Z,0,[None]
2025-11-11T00:00:00.000Z,0,[None]
2025-11-12T00:00:00.000Z,0,[None]
2025-11-13T00:00:00.000Z,0,[None]
2025-11-14T00:00:00.000Z,0,[None]
2025-11-15T00:00:00.000Z,0,[None]
2025-11-16T00:00:00.000Z,0,[None]
2025-11-17T00:00:00.000Z,0,[None]
2025-11-18T00:00:00.000Z,0,[None]
2025-11-19T00:00:00.000Z,0,[None]
2025-11-20T00:00:00.000Z,0,[None]
2025-11-21T00:00:00.000Z,0,[None]
2025-11-22T00:00:00.000Z,0,[0.0313853770494461]
2025-11-23T00:00:00.000Z,0,[0.0337221585214138]
2025-11-24T00:00:00.000Z,0,[None]
2025-11-25T00:00:00.000Z,0,[0.0302753914147615]
2025-11-26T00:00:00.000Z,0,[0.0292022358626127]
2025-11-27T00:00:00.000Z,0,[None]
2025-11-28T00:00:00.000Z,0,[0.0226188488304615]
2025-11-29T00:00:00.000Z,0,[None]
2025-11-30T00:00:00.000Z,0,[None]
2025-12-01T00:00:00.000Z,0,[None]
2025-12-02T00:00:00.000Z,0,[None]
2025-12-03T00:00:00.000Z,0,[0.0288244541734457]
2025-12-04T00:00:00.000Z,0,[None]
2025-12-05T00:00:00.000Z,0,[None]
2025-12-06T00:00:00.000Z,0,[None]
2025-12-07T00:00:00.000Z,0,[None]
2025-12-08T00:00:00.000Z,0,[None]
2025-12-09T00:00:00.000Z,0,[None]
2025-12-10T00:00:00.000Z,0,[0.0363560318946838]
2025-12-11T00:00:00.000Z,0,[0.0283433627337217]
2025-12-12T00:00:00.000Z,0,[0.0325112640857696]
2025-12-13T00:00:00.000Z,0,[0.0326460525393486]
2025-12-14T00:00:00.000Z,0,[None]
2025-12-15T00:00:00.000Z,0,[0.0306102596223354]
2025-12-16T00:00:00.000Z,0,[None]
2025-12-17T00:00:00.000Z,0,[0.0291714575141668]
2025-12-18T00:00:00.000Z,0,[None]
2025-12-19T00:00:00.000Z,0,[None]
2025-12-20T00:00:00.000Z,0,[None]
2025-12-21T00:00:00.000Z,0,[0.0240325760096311]
2025-12-22T00:00:00.000Z,0,[None]
2025-12-23T00:00:00.000Z,0,[None]
2025-12-24T00:00:00.000Z,0,[None]
2025-12-25T00:00:00.000Z,0,[0.0272713210433721]
2025-12-26T00:00:00.000Z,0,[None]
2025-12-27T00:00:00.000Z,0,[None]
2025-12-28T00:00:00.000Z,0,[None]
2025-12-29T00:00:00.000Z,0,[0.0313402339816093]
2025-12-30T00:00:00.000Z,0,[None]
2025-12-31T00:00:00.000Z,0,[None]
2026-01-01T00:00:00.000Z,0,[None]
2026-01-02T00:00:00.000Z,0,[None]
2026-01-03T00:00:00.000Z,0,[0.0288458708673715]
2026-01-04T00:00:00.000Z,0,[0.0251887701451778]
2026-01-05T00:00:00.000Z,0,[None]
2026-01-06T00:00:00.000Z,0,[None]
2026-01-07T00:00:00.000Z,0,[None]
2026-01-08T00:00:00.000Z,0,[0.0257785450667142]
2026-01-09T00:00:00.000Z,0,[None]
2026-01-10T00:00:00.000Z,0,[None]
2026-01-11T00:00:00.000Z,0,[None]
2026-01-12T00:00:00.000Z,0,[None]
2026-01-13T00:00:00.000Z,0,[None]
2026-01-14T00:00:00.000Z,0,[0.0287099741399288]
2026-01-15T00:00:00.000Z,0,[None]
2026-01-16T00:00:00.000Z,0,[None]
2026-01-17T00:00:00.000Z,0,[None]
2026-01-18T00:00:00.000Z,0,[None]
2026-01-19T00:00:00.000Z,0,[0.0285340081900358]
2026-01-20T00:00:00.000Z,0,[None]
2026-01-21T00:00:00.000Z,0,[0.0250301640480756]
2026-01-22T00:00:00.000Z,0,[None]
2026-01-23T00:00:00.000Z,0,[None]
2026-01-24T00:00:00.000Z,0,[0.0310411937534809]
2026-01-25T00:00:00.000Z,0,[0.0254365913569927]
2026-01-26T00:00:00.000Z,0,[None]
2026-01-27T00:00:00.000Z,0,[0.0335929319262504]
2026-01-28T00:00:00.000Z,0,[None]
2026-01-29T00:00:00.000Z,0,[0.0321099497377872]
2026-01-30T00:00:00.000Z,0,[0.0335251912474632]
2026-01-31T00:00:00.000Z,0,[0.0295781064778566]
2026-02-01T00:00:00.000Z,0,[None]
2026-02-02T00:00:00.000Z,0,[0.0316206663846969]
2026-02-03T00:00:00.000Z,0,[0.0304219089448452]
2026-02-04T00:00:00.000Z,0,[0.0274453815072774]
2026-02-05T00:00:00.000Z,0,[None]
2026-02-06T00:00:00.000Z,0,[0.0316486209630966]
2026-02-07T00:00:00.000Z,0,[None]
2026-02-08T00:00:00.000Z,0,[None]
2026-02-09T00:00:00.000Z,0,[None]
2026-02-10T00:00:00.000Z,0,[None]
2026-02-11T00:00:00.000Z,0,[None]
2026-02-12T00:00:00.000Z,0,[None]
2026-02-13T00:00:00.000Z,0,[None]
2026-02-14T00:00:00.000Z,0,[None]
2026-02-15T00:00:00.000Z,0,[None]
2026-02-16T00:00:00.000Z,0,[0.0272824559360742]
2026-02-17T00:00:00.000Z,0,[None]
2026-02-18T00:00:00.000Z,0,[None]
2026-02-19T00:00:00.000Z,0,[None]
2026-02-20T00:00:00.000Z,0,[None]
2026-02-21T00:00:00.000Z,0,[None]
2026-02-22T00:00:00.000Z,0,[None]
2026-02-23T00:00:00.000Z,0,[None]
2026-02-24T00:00:00.000Z,0,[None]
2026-02-25T00:00:00.000Z,0,[None]
2026-02-26T00:00:00.000Z,0,[None]
2026-02-27T00:00:00.000Z,0,[0.0201919209212064]
2026-02-28T00:00:00.000Z,0,[0.0263729691505432]
2026-03-01T00:00:00.000Z,0,[None]
2026-03-02T00:00:00.000Z,0,[None]
2026-03-03T00:00:00.000Z,0,[None]
2026-03-04T00:00:00.000Z,0,[0.0254660379141569]
2026-03-05T00:00:00.000Z,0,[0.0293568018823862]
2026-03-06T00:00:00.000Z,0,[None]
2026-03-07T00:00:00.000Z,0,[None]
2026-03-08T00:00:00.000Z,0,[0.0288509782403707]
2026-03-09T00:00:00.000Z,0,[0.0274643804877996]
2026-03-10T00:00:00.000Z,0,[0.0320840068161487]
2026-03-11T00:00:00.000Z,0,[None]
2026-03-12T00:00:00.000Z,0,[0.0253314394503831]
2026-03-13T00:00:00.000Z,0,[None]
2026-03-14T00:00:00.000Z,0,[0.0281067825853824]
2026-03-15T00:00:00.000Z,0,[0.0306531265377998]
2026-03-16T00:00:00.000Z,0,[0.026465218514204]
2026-03-17T00:00:00.000Z,0,[0.0304220523685216]
2026-03-18T00:00:00.000Z,0,[0.0285195931792259]
2026-03-19T00:00:00.000Z,0,[None]
2026-03-20T00:00:00.000Z,0,[None]
2026-03-21T00:00:00.000Z,0,[None]
2026-03-22T00:00:00.000Z,0,[None]
2026-03-23T00:00:00.000Z,0,[0.0322858840227127]
2026-03-24T00:00:00.000Z,0,[None]
2026-03-25T00:00:00.000Z,0,[0.0245492774993181]
2026-03-26T00:00:00.000Z,0,[0.0263242814689874]
2026-03-27T00:00:00.000Z,0,[0.0280134044587612]
2026-03-28T00:00:00.000Z,0,[None]
2026-03-29T00:00:00.000Z,0,[0.0315217450261116]
2026-03-30T00:00:00.000Z,0,[None]
2026-03-31T00:00:00.000Z,0,[None]
2026-04-01T00:00:00.000Z,0,[0.0298837795853614]
2026-04-02T00:00:00.000Z,0,[0.0309602506458759]
2026-04-03T00:00:00.000Z,0,[0.0272626560181379]
2026-04-04T00:00:00.000Z,0,[None]
2026-04-05T00:00:00.000Z,0,[0.0270460732281208]
2026-04-06T00:00:00.000Z,0,[None]
2026-04-07T00:00:00.000Z,0,[None]
2026-04-08T00:00:00.000Z,0,[0.0325530283153057]
2026-04-09T00:00:00.000Z,0,[None]
2026-04-10T00:00:00.000Z,0,[None]
2026-04-11T00:00:00.000Z,0,[0.0337077006697654]
2026-04-12T00:00:00.000Z,0,[0.0262344572693109]
2026-04-13T00:00:00.000Z,0,[0.024696284905076]
2026-04-14T00:00:00.000Z,0,[None]
2026-04-15T00:00:00.000Z,0,[0.0278268530964851]
2026-04-16T00:00:00.000Z,0,[None]
2026-04-17T00:00:00.000Z,0,[0.0321920290589332]
2026-04-18T00:00:00.000Z,0,[0.0303553249686956]
2026-04-19T00:00:00.000Z,0,[None]
2026-04-20T00:00:00.000Z,0,[None]
2026-04-21T00:00:00.000Z,0,[0.0335634090006351]
2026-04-22T00:00:00.000Z,0,[None]
2026-04-23T00:00:00.000Z,0,[None]
2026-04-24T00:00:00.000Z,0,[None]
2026-04-25T00:00:00.000Z,0,[0.0308701545000076]
2026-04-26T00:00:00.000Z,0,[None]
2026-04-27T00:00:00.000Z,0,[None]
2026-04-28T00:00:00.000Z,0,[None]
2026-04-29T00:00:00.000Z,0,[None]
2026-04-30T00:00:00.000Z,0,[None]
2026-05-01T00:00:00.000Z,0,[0.0265538990497589]
2026-05-02T00:00:00.000Z,0,[0.0239251498132944]
2026-05-03T00:00:00.000Z,0,[0.0289253648370504]
2026-05-04T00:00:00.000Z,0,[None]
2026-05-05T00:00:00.000Z,0,[0.0285404603928327]
2026-05-06T00:00:00.000Z,0,[0.024255821481347]
2026-05-07T00:00:00.000Z,0,[0.0256238803267478]
2026-05-08T00:00:00.000Z,0,[0.0254768542945384]
2026-05-09T00:00:00.000Z,0,[None]
2026-05-10T00:00:00.000Z,0,[0.0342237800359725]
2026-05-11T00:00:00.000Z,0,[0.0247327331453561]
2026-05-12T00:00:00.000Z,0,[0.0211683213710784]
2026-05-13T00:00:00.000Z,0,[0.0283999983221292]
2026-05-14T00:00:00.000Z,0,[None]
2026-05-15T00:00:00.000Z,0,[0.028272746130824]
2026-05-16T00:00:00.000Z,0,[None]
2026-05-17T00:00:00.000Z,0,[0.0264256484806537]
2026-05-18T00:00:00.000Z,0,[0.0281163081526756]
2026-05-19T00:00:00.000Z,0,[0.0329292081296443]
2026-05-20T00:00:00.000Z,0,[0.0287360064685344]
2026-05-21T00:00:00.000Z,0,[0.0324469320476055]
2026-05-22T00:00:00.000Z,0,[0.0344886258244514]
2026-05-23T00:00:00.000Z,0,[0.0231615379452705]
2026-05-24T00:00:00.000Z,0,[0.0279546901583671]
2026-05-25T00:00:00.000Z,0,[0.0315120257437229]
2026-05-26T00:00:00.000Z,0,[0.0351927280426025]
2026-05-27T00:00:00.000Z,0,[0.0308089926838874]
2026-05-28T00:00:00.000Z,0,[0.0335335880517959]
2026-05-29T00:00:00.000Z,0,[0.0384511090815067]
2026-05-30T00:00:00.000Z,0,[None]
2026-05-31T00:00:00.000Z,0,[0.0277542918920516]
2026-06-01T00:00:00.000Z,0,[0.0299310833215713]
2026-06-02T00:00:00.000Z,0,[0.0266729816794395]
2026-06-03T00:00:00.000Z,0,[0.0310726184397935]
2026-06-04T00:00:00.000Z,0,[0.0291084088385105]
2026-06-05T00:00:00.000Z,0,[0.0285553578287363]
2026-06-06T00:00:00.000Z,0,[0.0280130710452795]
2026-06-07T00:00:00.000Z,0,[0.02612173743546]
2026-06-08T00:00:00.000Z,0,[0.0228362195193767]
2026-06-09T00:00:00.000Z,0,[0.0279433410614728]
2026-06-10T00:00:00.000Z,0,[0.0327390469610691]
2026-06-11T00:00:00.000Z,0,[0.0311238635331392]
2026-06-12T00:00:00.000Z,0,[None]
2026-06-13T00:00:00.000Z,0,[0.0211126320064067]
2026-06-14T00:00:00.000Z,0,[0.0295320488512516]
2026-06-15T00:00:00.000Z,0,[0.0249055605381727]
2026-06-16T00:00:00.000Z,0,[0.0259987991303205]
2026-06-17T00:00:00.000Z,0,[0.0284677483141422]
2026-06-18T00:00:00.000Z,0,[0.0275550018996]
2026-06-19T00:00:00.000Z,0,[0.029518075287342]
2026-06-20T00:00:00.000Z,0,[0.0352042205631732]
2026-06-21T00:00:00.000Z,0,[0.0302216429263353]
2026-06-22T00:00:00.000Z,0,[0.0285546947270631]
2026-06-23T00:00:00.000Z,0,[0.0310248304158449]
2026-06-24T00:00:00.000Z,0,[0.0239586047828197]
2026-06-25T00:00:00.000Z,0,[0.0270253028720617]
2026-06-26T00:00:00.000Z,0,[0.0278357435017824]
2026-06-27T00:00:00.000Z,0,[0.031107097864151]
2026-06-28T00:00:00.000Z,0,[None]
2026-06-29T00:00:00.000Z,0,[0.0224616769701242]
2026-06-30T00:00:00.000Z,0,[0.0272062942385673]
2026-07-01T00:00:00.000Z,0,[0.0272383466362953]
2026-07-02T00:00:00.000Z,0,[0.0290097799152135]
2026-07-03T00:00:00.000Z,0,[0.0282189045101404]
2026-07-04T00:00:00.000Z,0,[0.0244501959532499]
2026-07-05T00:00:00.000Z,0,[0.0252877995371818]
2026-07-06T00:00:00.000Z,0,[0.0331513881683349]
2026-07-07T00:00:00.000Z,0,[0.034147061407566]
2026-07-08T00:00:00.000Z,0,[0.0351693928241729]
2026-07-09T00:00:00.000Z,0,[0.02960916608572]
2026-07-10T00:00:00.000Z,0,[0.0224975124001503]
2026-07-11T00:00:00.000Z,0,[None]
2026-07-12T00:00:00.000Z,0,[0.0314356721937656]
2026-07-13T00:00:00.000Z,0,[0.0339455269277095]
2026-07-14T00:00:00.000Z,0,[0.0256303530186414]
2026-07-15T00:00:00.000Z,0,[0.0217555202543735]
2026-07-16T00:00:00.000Z,0,[0.0260938666760921]
2026-07-17T00:00:00.000Z,0,[0.0224508419632911]
2026-07-18T00:00:00.000Z,0,[0.0291660632938146]
2026-07-19T00:00:00.000Z,0,[0.0322998575866222]
2026-07-20T00:00:00.000Z,0,[0.0282939430326223]
2026-07-21T00:00:00.000Z,0,[0.0348458550870418]
2026-07-22T00:00:00.000Z,0,[0.0368634387850761]
2026-07-23T00:00:00.000Z,0,[0.0396950654685497]
2026-07-24T00:00:00.000Z,0,[0.0332718454301357]
2026-07-25T00:00:00.000Z,0,[None]
2026-07-26T00:00:00.000Z,0,[0.0308153014630079]
2026-07-27T00:00:00.000Z,0,[None]
2026-07-28T00:00:00.000Z,0,[None]
2026-07-29T00:00:00.000Z,0,[0.0341291278600692]
2026-07-30T00:00:00.000Z,0,[0.0319823622703552]
2026-07-31T00:00:00.000Z,0,[0.0302236583083868]
2026-08-01T00:00:00.000Z,0,[0.0302318781614303]
2026-08-02T00:00:00.000Z,0,[None]
2026-08-03T00:00:00.000Z,0,[0.0274088960140943]
2026-08-04T00:00:00.000Z,0,[None]
2026-08-05T00:00:00.000Z,0,[0.0262705367058515]
2026-08-06T00:00:00.000Z,0,[0.0247985403984785]
2026-08-07T00:00:00.000Z,0,[0.0353228822350502]
2026-08-08T00:00:00.000Z,0,[0.0330089442431926]
2026-08-09T00:00:00.000Z,0,[0.0311487764120101]
2026-08-10T00:00:00.000Z,0,[None]
2026-08-11T00:00:00.000Z,0,[0.0363344997167587]
2026-08-12T00:00:00.000Z,0,[0.0278314929455518]
2026-08-13T00:00:00.000Z,0,[0.0300141498446464]
2026-08-14T00:00:00.000Z,0,[0.0403459519147872]
2026-08-15T00:00:00.000Z,0,[None]
2026-08-16T00:00:00.000Z,0,[None]
2026-08-17T00:00:00.000Z,0,[None]
2026-08-18T00:00:00.000Z,0,[None]
2026-08-19T00:00:00.000Z,0,[0.0291688777506351]
2026-08-20T00:00:00.000Z,0,[None]
2026-08-21T00:00:00.000Z,0,[0.0240504313260316]
2026-08-22T00:00:00.000Z,0,[None]
2026-08-23T00:00:00.000Z,0,[0.0295521318912506]
2026-08-24T00:00:00.000Z,0,[0.0322954505681991]
2026-08-25T00:00:00.000Z,0,[0.029852095991373]
2026-08-26T00:00:00.000Z,0,[0.0280269309878349]
2026-08-27T00:00:00.000Z,0,[0.0331282056868076]
2026-08-28T00:00:00.000Z,0,[0.0422105006873607]
2026-08-29T00:00:00.000Z,0,[0.0347345359623432]
2026-08-30T00:00:00.000Z,0,[0.0362636931240558]
