Sample_ID,Kelas,Label,Latitude,Longitude,B2_Blue,B3_Green,B4_Red,B8_NIR,B11_SWIR1,B12_SWIR2,NDVI,NDWI,NDBI,MNDWI,SAVI,BSI
SAW_01,Sawah,0,-7.700191593819848,111.95598091125323,0.055,0.117,0.0793,0.4518,0.1356,0.0925,0.7014,-0.5885,-0.5383,-0.0735,0.5419,-0.4045
SAW_02,Sawah,0,-7.701139855182734,111.95645325607578,0.0423,0.112,0.074,0.4704,0.1221,0.1576,0.728,-0.6154,-0.5879,-0.0431,0.5692,-0.4467
SAW_03,Sawah,0,-7.387014633755332,112.70778300093858,0.0733,0.0727,0.0573,0.3812,0.1504,0.122,0.7387,-0.6795,-0.4341,-0.3481,0.5177,-0.3727
SAW_04,Sawah,0,-7.384761707917748,112.71419544619751,0.0573,0.0775,0.0745,0.3737,0.1492,0.1093,0.6677,-0.6566,-0.4293,-0.3165,0.4734,-0.3166
SAW_05,Sawah,0,-8.457964891274528,114.10493151870043,0.0582,0.1071,0.058,0.4374,0.1792,0.0837,0.7659,-0.6066,-0.4187,-0.2519,0.5718,-0.3526
SAW_06,Sawah,0,-8.464163398440276,114.11826922289751,0.0643,0.0702,0.0526,0.5113,0.2166,0.1447,0.8134,-0.7585,-0.4049,-0.5102,0.6467,-0.3628
SAW_07,Sawah,0,-8.18250964370497,114.24035312624858,0.0522,0.0659,0.0774,0.4248,0.1322,0.1196,0.6919,-0.7316,-0.5253,-0.335,0.52,-0.3895
SAW_08,Sawah,0,-7.198489578820787,113.24577546302369,0.0414,0.1146,0.0604,0.4626,0.1512,0.1216,0.7692,-0.603,-0.5074,-0.1378,0.5899,-0.4088
SAW_09,Sawah,0,-7.018067089735457,113.86890969636687,0.0619,0.0711,0.0888,0.4818,0.2139,0.1516,0.6888,-0.7428,-0.385,-0.5012,0.5506,-0.2846
SAW_10,Sawah,0,-8.078493326662153,111.83439454843817,0.0639,0.1153,0.0535,0.3833,0.1245,0.106,0.7549,-0.5375,-0.5096,-0.0384,0.528,-0.4305
SAW_11,Sawah,0,-8.073173416409153,111.82754180652113,0.0555,0.0763,0.0831,0.4106,0.1481,0.1234,0.6632,-0.6867,-0.4699,-0.3201,0.4943,-0.3369
SAW_12,Sawah,0,-8.072835231059582,111.82660878281273,0.0456,0.1081,0.053,0.5178,0.1972,0.0959,0.8143,-0.6545,-0.4483,-0.2918,0.6511,-0.385
SAW_13,Sawah,0,-8.205486907119848,113.12481049022904,0.0402,0.1089,0.0783,0.4739,0.1971,0.0859,0.7165,-0.6262,-0.4125,-0.2882,0.564,-0.3024
SAW_14,Sawah,0,-8.226856521118126,113.16526633190949,0.0543,0.067,0.0845,0.456,0.1531,0.0851,0.6872,-0.7439,-0.4973,-0.3915,0.5355,-0.3646
SAW_15,Sawah,0,-8.22660083206158,113.16709874794225,0.0524,0.0795,0.0792,0.4584,0.2087,0.1178,0.7054,-0.7044,-0.3742,-0.4483,0.5482,-0.2791
SAW_16,Sawah,0,-8.292303477097917,113.97344394672612,0.0448,0.1028,0.0804,0.4454,0.1971,0.1195,0.6941,-0.625,-0.3865,-0.3145,0.5337,-0.277
SAW_17,Sawah,0,-7.647095811211666,111.04370812080319,0.0609,0.0857,0.051,0.3683,0.1231,0.1309,0.7567,-0.6227,-0.4989,-0.1796,0.5177,-0.4227
SAW_18,Sawah,0,-7.640147508914883,111.04532495447518,0.0526,0.0905,0.0863,0.3924,0.161,0.1404,0.6394,-0.6251,-0.418,-0.2804,0.4691,-0.2854
SAW_19,Sawah,0,-7.644444266091448,111.04387087587918,0.0492,0.0646,0.0616,0.3774,0.213,0.1446,0.7194,-0.7076,-0.2785,-0.5344,0.5045,-0.2168
SAW_20,Sawah,0,-7.961488246100703,110.92069043449276,0.0653,0.1123,0.0821,0.3817,0.2093,0.1231,0.6458,-0.5454,-0.2918,-0.3016,0.4662,-0.2108
SAW_21,Sawah,0,-8.139783369227441,111.003429018412,0.0723,0.1138,0.0627,0.3687,0.1428,0.1142,0.7092,-0.5284,-0.4417,-0.1131,0.4928,-0.3642
SAW_22,Sawah,0,-7.911939845197058,110.9458354992746,0.0727,0.1116,0.0503,0.4368,0.1617,0.0978,0.7936,-0.5929,-0.4596,-0.1832,0.5874,-0.4123
SAW_23,Sawah,0,-7.117191967966854,111.8052874335037,0.0448,0.0803,0.0877,0.4049,0.1719,0.1362,0.6439,-0.6692,-0.404,-0.3634,0.4794,-0.2681
SAW_24,Sawah,0,-7.112293306947047,111.8033315478176,0.0545,0.1183,0.0885,0.3928,0.1697,0.1041,0.6323,-0.5371,-0.3966,-0.1785,0.4652,-0.268
SAW_25,Sawah,0,-7.1169955280050035,111.80289732728797,0.0514,0.0622,0.0744,0.4355,0.1251,0.1023,0.7082,-0.75,-0.5535,-0.3359,0.5363,-0.4186
SAW_26,Sawah,0,-7.108795090655075,112.23955321860092,0.0763,0.0744,0.0558,0.4332,0.2186,0.0994,0.7718,-0.7069,-0.3293,-0.4922,0.5724,-0.3
SAW_27,Sawah,0,-7.1022838414310145,112.2404831409093,0.0669,0.1057,0.0595,0.4738,0.1568,0.1306,0.7768,-0.6352,-0.5027,-0.1946,0.6014,-0.4286
SAW_28,Sawah,0,-7.140384186545102,112.71542093268323,0.0653,0.0921,0.0536,0.492,0.1521,0.0949,0.8035,-0.6845,-0.5278,-0.2454,0.6289,-0.4609
SAW_29,Sawah,0,-7.141706935561876,112.7217750425053,0.0416,0.0955,0.0771,0.3528,0.1712,0.0981,0.6413,-0.5741,-0.3466,-0.2841,0.4447,-0.2274
SAW_30,Sawah,0,-7.1382602255327265,112.72500773508098,0.0658,0.0705,0.0776,0.4157,0.2137,0.091,0.6853,-0.7102,-0.321,-0.504,0.5105,-0.2462
SAW_31,Sawah,0,-7.140283434376298,112.73283631031634,0.0536,0.0668,0.087,0.4991,0.1458,0.1328,0.7032,-0.7639,-0.5479,-0.3715,0.5692,-0.4074
SAW_32,Sawah,0,-7.4315262495249215,112.60804562858732,0.0727,0.0933,0.0712,0.3911,0.1293,0.1518,0.692,-0.6148,-0.5031,-0.1617,0.4987,-0.3964
SAW_33,Sawah,0,-7.426728440255423,112.595448816848,0.076,0.098,0.0636,0.4094,0.1926,0.1518,0.7312,-0.6137,-0.3601,-0.3256,0.5331,-0.3091
SAW_34,Sawah,0,-7.4198953602038,112.60509397448345,0.0755,0.1068,0.0757,0.3643,0.1362,0.1519,0.656,-0.5466,-0.4559,-0.1209,0.4606,-0.3498
SAW_35,Sawah,0,-7.969358409962042,112.69518203096726,0.0643,0.0606,0.0541,0.4628,0.1205,0.0929,0.7908,-0.7686,-0.5868,-0.3311,0.6029,-0.5024
SAW_36,Sawah,0,-7.981284682089925,112.69486509171362,0.0619,0.1015,0.0761,0.3881,0.1912,0.099,0.6722,-0.5854,-0.3399,-0.3064,0.4854,-0.2548
SAW_37,Sawah,0,-7.440191277250421,112.32017742550782,0.053,0.1048,0.076,0.4944,0.1858,0.1255,0.7335,-0.6502,-0.4537,-0.2787,0.5863,-0.353
SAW_38,Sawah,0,-7.450615286129946,112.36686476177351,0.0437,0.0821,0.0606,0.3915,0.2173,0.1114,0.7319,-0.6534,-0.2861,-0.4517,0.5213,-0.2206
SAW_39,Sawah,0,-7.448745563962192,112.3446373467905,0.0757,0.0979,0.0818,0.4354,0.1777,0.1194,0.6837,-0.633,-0.4204,-0.2897,0.5215,-0.3266
SAW_40,Sawah,0,-7.385709208619662,112.22160517048636,0.0478,0.1033,0.0612,0.3541,0.1845,0.0942,0.7052,-0.5482,-0.3148,-0.282,0.48,-0.2411
SAW_41,Sawah,0,-7.386270487611318,112.22698145801694,0.0776,0.1172,0.0866,0.4129,0.1215,0.1543,0.6533,-0.5577,-0.5452,-0.018,0.4897,-0.4042
SAW_42,Sawah,0,-7.326173665454569,112.38526686736901,0.0571,0.118,0.0885,0.495,0.1494,0.1108,0.6965,-0.615,-0.5362,-0.1176,0.5627,-0.3976
SAW_43,Sawah,0,-7.319450829250756,112.38620595310817,0.074,0.079,0.0568,0.4447,0.2136,0.1357,0.7735,-0.6982,-0.351,-0.46,0.581,-0.3147
SAW_44,Sawah,0,-7.319696741017369,112.39321396393066,0.0628,0.0658,0.0746,0.5183,0.134,0.1215,0.7484,-0.7746,-0.5891,-0.3412,0.609,-0.4717
SAW_45,Sawah,0,-7.327640542137754,112.38910177357654,0.0751,0.1044,0.0779,0.4694,0.1559,0.1035,0.7154,-0.636,-0.5013,-0.1978,0.5608,-0.3992
SAW_46,Sawah,0,-7.210456110552733,112.57455279229283,0.0724,0.1086,0.0847,0.5053,0.1711,0.1201,0.7129,-0.6461,-0.494,-0.2235,0.5788,-0.3861
SAW_47,Sawah,0,-7.206291821522495,112.54992110091156,0.0719,0.099,0.0781,0.4853,0.209,0.107,0.7228,-0.6611,-0.3979,-0.3572,0.5744,-0.32
SAW_48,Sawah,0,-7.207927438725599,112.59186824633098,0.055,0.0656,0.0731,0.3561,0.1666,0.1234,0.6593,-0.6887,-0.3627,-0.4346,0.4568,-0.2634
SAW_49,Sawah,0,-7.193306429007513,112.61561585663391,0.0515,0.0954,0.0512,0.3563,0.2023,0.1088,0.7487,-0.5775,-0.2758,-0.3588,0.5043,-0.2334
SAW_50,Sawah,0,-7.428608212162199,112.81888085979243,0.0451,0.0913,0.0808,0.3867,0.1823,0.0868,0.6543,-0.6179,-0.3592,-0.3324,0.4743,-0.2428
BAN_01,Bangunan,1,-7.289854764036816,112.67458902561782,0.1252,0.1984,0.2357,0.2692,0.3962,0.3761,0.0664,-0.1514,0.1908,-0.3325,0.0501,0.2314
BAN_02,Bangunan,1,-7.262472594223896,112.73929745989865,0.1716,0.1755,0.2713,0.2179,0.3502,0.2326,-0.1092,-0.1077,0.2329,-0.3323,-0.081,0.2295
BAN_03,Bangunan,1,-7.275646347984254,112.7821586162743,0.1225,0.2459,0.277,0.2774,0.3454,0.2477,0.0007,-0.0603,0.1092,-0.1683,0.0006,0.2176
BAN_04,Bangunan,1,-7.262280921425467,112.75081953520096,0.1356,0.1675,0.2369,0.28,0.3856,0.2648,0.0835,-0.2514,0.1586,-0.3943,0.0636,0.1992
BAN_05,Bangunan,1,-7.2682623902522545,112.75871908824618,0.2155,0.2212,0.2376,0.2656,0.3471,0.2596,0.0557,-0.0914,0.133,-0.2217,0.0419,0.0972
BAN_06,Bangunan,1,-7.379246957662101,112.78502498189367,0.1556,0.2234,0.162,0.1963,0.2874,0.2265,0.0956,0.0646,0.1884,-0.1253,0.0598,0.1217
BAN_07,Bangunan,1,-7.315450963566503,112.73560436587262,0.2055,0.2174,0.2264,0.1937,0.3587,0.2958,-0.0778,0.0577,0.2987,-0.2452,-0.0533,0.1888
BAN_08,Bangunan,1,-7.166411416333515,112.60186560394048,0.1373,0.1877,0.2158,0.2662,0.3816,0.2272,0.1046,-0.1729,0.1781,-0.3406,0.077,0.1937
BAN_09,Bangunan,1,-7.159404365267368,112.64323029473054,0.1575,0.2088,0.2304,0.2999,0.3854,0.2461,0.131,-0.179,0.1247,-0.2971,0.1011,0.1477
BAN_10,Bangunan,1,-7.168548392711455,112.60091130358173,0.1271,0.2107,0.1637,0.262,0.4304,0.3121,0.2309,-0.1086,0.2432,-0.3428,0.1593,0.2086
BAN_11,Bangunan,1,-7.115670627768976,112.41023153333973,0.1588,0.2108,0.2242,0.2564,0.4306,0.2818,0.0671,-0.0977,0.2536,-0.3428,0.0493,0.2239
BAN_12,Bangunan,1,-7.642600375643589,112.89579874889023,0.2161,0.2396,0.1874,0.1897,0.2961,0.2229,0.0061,0.1162,0.219,-0.1055,0.0039,0.0874
BAN_13,Bangunan,1,-7.809761640870424,112.00480504390694,0.1294,0.2151,0.17,0.2247,0.4152,0.2237,0.1386,-0.0217,0.2978,-0.3174,0.0917,0.246
BAN_14,Bangunan,1,-7.952739134827436,112.61307977137541,0.2014,0.171,0.1765,0.2775,0.3806,0.3604,0.2224,-0.2375,0.1566,-0.38,0.1588,0.0755
BAN_15,Bangunan,1,-7.302714878896948,112.67053116314156,0.1935,0.2284,0.1995,0.2048,0.4001,0.3491,0.0132,0.0543,0.3228,-0.2732,0.0089,0.2017
BAN_16,Bangunan,1,-7.283350998388167,112.71199146893784,0.2191,0.1854,0.2121,0.2887,0.3345,0.3689,0.153,-0.2179,0.0735,-0.2869,0.1148,0.0369
BAN_17,Bangunan,1,-7.2817467709832,112.73521464816358,0.2058,0.1872,0.2651,0.2856,0.2965,0.3644,0.0372,-0.2082,0.0187,-0.226,0.0293,0.0666
BAN_18,Bangunan,1,-7.285681442975045,112.753301294289,0.1705,0.2309,0.2048,0.3054,0.3423,0.2217,0.1971,-0.1388,0.057,-0.1943,0.1493,0.0696
BAN_19,Bangunan,1,-7.280650202895413,112.79647565864967,0.2105,0.15,0.2047,0.313,0.4321,0.3118,0.2092,-0.3519,0.1598,-0.4845,0.1596,0.0976
BAN_20,Bangunan,1,-7.24261075040732,112.68760976227398,0.1832,0.1893,0.201,0.226,0.3876,0.3404,0.0585,-0.0883,0.2633,-0.3437,0.0404,0.1798
BAN_21,Bangunan,1,-7.310054826564331,112.73796916586336,0.1992,0.2269,0.1728,0.2492,0.2892,0.3079,0.1812,-0.047,0.0743,-0.1208,0.1244,0.0149
BAN_22,Bangunan,1,-7.315793582210392,112.7486140156955,0.1642,0.2376,0.2091,0.1964,0.3029,0.3418,-0.0314,0.0951,0.2133,-0.1207,-0.0211,0.1736
BAN_23,Bangunan,1,-7.358912955632945,112.76906963741136,0.1818,0.1511,0.1718,0.2781,0.2916,0.3515,0.2364,-0.2959,0.0237,-0.3174,0.168,0.0037
BAN_24,Bangunan,1,-7.356312128889461,112.7243282395215,0.1906,0.1489,0.1719,0.3181,0.3399,0.2793,0.2985,-0.3622,0.0331,-0.3906,0.2216,0.0029
BAN_25,Bangunan,1,-7.339700551504062,112.73963170709763,0.2013,0.2442,0.298,0.2855,0.3402,0.2334,-0.0215,-0.0779,0.0875,-0.1643,-0.0174,0.1347
BAN_26,Bangunan,1,-7.647376371557451,111.52669950835207,0.1977,0.2014,0.2194,0.3069,0.2978,0.2988,0.1663,-0.2075,-0.015,-0.193,0.1279,0.0123
BAN_27,Bangunan,1,-7.314724852439969,112.72649047880779,0.1211,0.1916,0.1679,0.1966,0.2988,0.3239,0.0789,-0.0131,0.2062,-0.2187,0.0499,0.1898
BAN_28,Bangunan,1,-7.308982740053522,112.73449257521321,0.1946,0.2042,0.2947,0.2325,0.3257,0.359,-0.118,-0.0648,0.167,-0.2294,-0.0909,0.1846
BAN_29,Bangunan,1,-7.306925501874799,112.73407089966231,0.1424,0.246,0.1617,0.3158,0.2869,0.3626,0.3227,-0.1243,-0.0479,-0.0769,0.2364,-0.0105
BAN_30,Bangunan,1,-7.3054453187053525,112.73518064740058,0.1728,0.2492,0.1703,0.2575,0.4351,0.3037,0.2038,-0.0164,0.2563,-0.2716,0.141,0.1691
BAN_31,Bangunan,1,-7.29882089574023,112.7668657497963,0.1829,0.2165,0.2236,0.2679,0.3735,0.3642,0.09,-0.106,0.1647,-0.266,0.0669,0.1396
BAN_32,Bangunan,1,-7.301182237944485,112.76729408296956,0.1245,0.1709,0.2931,0.3046,0.3529,0.3192,0.0194,-0.2812,0.0734,-0.3475,0.0158,0.2016
BAN_33,Bangunan,1,-7.296614053770288,112.76323283615164,0.1477,0.1607,0.2249,0.2295,0.3734,0.2324,0.01,-0.1763,0.2387,-0.3982,0.0072,0.2266
BAN_34,Bangunan,1,-7.297396568654792,112.75048254809064,0.2174,0.2485,0.2577,0.2551,0.3295,0.3502,-0.0052,-0.013,0.1274,-0.1402,-0.004,0.1083
BAN_35,Bangunan,1,-7.275006184892181,112.7592228830254,0.1885,0.1579,0.2875,0.2952,0.432,0.3361,0.0131,-0.303,0.1882,-0.4647,0.0106,0.196
BAN_36,Bangunan,1,-7.975738346829305,112.66348900673022,0.1813,0.186,0.2906,0.3012,0.2872,0.2242,0.018,-0.2365,-0.0238,-0.2139,0.0147,0.0898
BAN_37,Bangunan,1,-7.960453737754735,112.62863849603556,0.1576,0.2292,0.2982,0.2011,0.3751,0.2809,-0.1946,0.0653,0.302,-0.2415,-0.1458,0.3048
BAN_38,Bangunan,1,-7.959048299960439,112.6238179617514,0.217,0.2326,0.2774,0.2456,0.3464,0.2637,-0.0607,-0.0271,0.1702,-0.1964,-0.0466,0.1483
BAN_39,Bangunan,1,-8.195280572374307,113.65439066188863,0.1256,0.2351,0.2738,0.32,0.4395,0.3089,0.0777,-0.1528,0.1574,-0.3029,0.0633,0.231
BAN_40,Bangunan,1,-7.127884596094532,112.72373822956305,0.1969,0.2439,0.279,0.2146,0.3521,0.2407,-0.1303,0.0639,0.2426,-0.1815,-0.0971,0.2105
BAN_41,Bangunan,1,-7.630576031274465,112.91671502372978,0.2154,0.2067,0.192,0.274,0.3789,0.2773,0.176,-0.1401,0.1606,-0.2941,0.1274,0.0768
BAN_42,Bangunan,1,-7.634871334259874,112.91258155411518,0.1314,0.2139,0.2328,0.2881,0.3632,0.3563,0.1061,-0.1479,0.1153,-0.2588,0.0812,0.1739
BAN_43,Bangunan,1,-7.638933167247699,112.91485183264855,0.1752,0.2017,0.2827,0.2365,0.3014,0.2246,-0.0891,-0.0794,0.1207,-0.1982,-0.0681,0.1732
BAN_44,Bangunan,1,-7.636654501363313,112.91781246070765,0.1955,0.2082,0.2586,0.2098,0.3018,0.2223,-0.1041,-0.0038,0.1798,-0.1835,-0.0755,0.1606
BAN_45,Bangunan,1,-7.724415410881561,113.01652968851818,0.1551,0.2049,0.2149,0.2412,0.4247,0.2757,0.0577,-0.0815,0.2754,-0.3491,0.0413,0.2348
BAN_46,Bangunan,1,-8.068132920239686,111.90273046488916,0.1714,0.2262,0.2155,0.2671,0.418,0.3719,0.1069,-0.0829,0.2202,-0.2977,0.0787,0.1819
BAN_47,Bangunan,1,-8.068480523571115,111.90869824313327,0.1347,0.2419,0.2289,0.2162,0.3535,0.3768,-0.0286,0.0563,0.2411,-0.1873,-0.0202,0.2481
BAN_48,Bangunan,1,-8.059041050454075,111.90200184585971,0.1693,0.1762,0.2487,0.2136,0.2921,0.2406,-0.0758,-0.0961,0.1552,-0.2477,-0.0546,0.171
BAN_49,Bangunan,1,-8.056257913924522,111.89162221733073,0.1328,0.1567,0.1794,0.2697,0.3091,0.2753,0.201,-0.265,0.068,-0.3272,0.1427,0.0965
BAN_50,Bangunan,1,-8.054700634002476,111.86425661824734,0.2097,0.1921,0.2535,0.2041,0.3108,0.2265,-0.1078,-0.0303,0.2071,-0.2359,-0.0773,0.1538
DAN_01,Danau,2,-8.160928372761047,111.02063097599522,0.0468,0.0667,0.0253,0.0135,0.0086,0.0126,-0.3027,0.6624,-0.2223,0.7712,-0.0327,-0.2799
DAN_02,Danau,2,-8.03103336873557,111.00024220962547,0.0483,0.0719,0.0351,0.0376,0.0062,0.0204,0.0346,0.3128,-0.7178,0.8416,0.0066,-0.3507
DAN_03,Danau,2,-7.804613555414001,110.89927833621942,0.0651,0.0549,0.0462,0.0468,0.0068,0.0084,0.0067,0.0793,-0.7454,0.7787,0.0016,-0.3571
DAN_04,Danau,2,-7.174868233064536,111.62278116623558,0.0722,0.0949,0.0255,0.0184,0.0161,0.0131,-0.1631,0.6756,-0.0655,0.7097,-0.0198,-0.3702
DAN_05,Danau,2,-7.17317044246329,111.62653628685635,0.0647,0.0721,0.0339,0.0399,0.0061,0.0078,0.0816,0.2877,-0.7347,0.844,0.0157,-0.4471
DAN_06,Danau,2,-7.170744650429798,111.63272699428074,0.0685,0.1037,0.0354,0.0313,0.0082,0.0123,-0.061,0.5365,-0.584,0.8532,-0.0108,-0.3923
DAN_07,Danau,2,-7.2611639417137335,112.40335871335637,0.0613,0.0645,0.0281,0.0251,0.0056,0.0094,-0.0562,0.4402,-0.6349,0.8403,-0.0081,-0.439
DAN_08,Danau,2,-7.158748788121524,112.40428840907836,0.0485,0.0696,0.0236,0.0456,0.0228,0.0176,0.3183,0.2085,-0.3334,0.5066,0.058,-0.3394
DAN_09,Danau,2,-7.29723906432231,112.4159748967944,0.0716,0.0799,0.0226,0.0315,0.0226,0.0191,0.1641,0.4347,-0.1642,0.559,0.024,-0.3901
DAN_10,Danau,2,-7.0474712136694695,113.27187066957629,0.0573,0.0577,0.0285,0.0245,0.0244,0.0151,-0.0752,0.4032,-0.003,0.4057,-0.0108,-0.2146
DAN_11,Danau,2,-8.057917169156186,111.71724902742415,0.0542,0.1092,0.0382,0.0195,0.0081,0.0055,-0.324,0.6971,-0.4152,0.8626,-0.0503,-0.2293
DAN_12,Danau,2,-8.017559821805511,111.79472497214006,0.0498,0.0596,0.0256,0.0214,0.0102,0.0226,-0.0892,0.4718,-0.3544,0.7079,-0.0115,-0.3311
DAN_13,Danau,2,-8.076902835856497,111.82518506592194,0.0432,0.0815,0.0323,0.0493,0.0084,0.0112,0.2081,0.2461,-0.71,0.8138,0.0438,-0.3892
DAN_14,Danau,2,-7.796933380048882,111.63249215793056,0.0788,0.1019,0.0445,0.0203,0.0101,0.0174,-0.3732,0.6676,-0.3347,0.8193,-0.0643,-0.2892
DAN_15,Danau,2,-7.5987707538075675,111.62940367904326,0.0772,0.0834,0.0371,0.0212,0.0281,0.0063,-0.2733,0.5947,0.1397,0.4962,-0.0428,-0.2026
DAN_16,Danau,2,-7.864013774670721,112.32729377912123,0.0529,0.0755,0.0352,0.0197,0.0084,0.016,-0.2828,0.5863,-0.3998,0.7988,-0.042,-0.2491
DAN_17,Danau,2,-8.360801959335502,112.55048282274822,0.0515,0.0849,0.0246,0.0292,0.021,0.0032,0.0857,0.4875,-0.1646,0.6036,0.0125,-0.2783
DAN_18,Danau,2,-8.161959232427014,112.51083844773719,0.0535,0.0581,0.0219,0.0496,0.0147,0.0206,0.3874,0.0786,-0.5435,0.5966,0.0727,-0.4762
DAN_19,Danau,2,-8.185191874574404,112.5554854299458,0.0502,0.0909,0.0428,0.0338,0.0191,0.0115,-0.1172,0.4576,-0.2771,0.652,-0.0234,-0.1511
DAN_20,Danau,2,-7.817853177049929,113.11184204528708,0.054,0.1058,0.0449,0.0486,0.0087,0.0188,0.0394,0.3703,-0.6955,0.8475,0.0093,-0.3131
DAN_21,Danau,2,-7.787942867694561,113.11594979941367,0.0775,0.0609,0.022,0.0396,0.0222,0.0214,0.2863,0.2112,-0.2814,0.4649,0.0471,-0.452
DAN_22,Danau,2,-7.60731646784273,112.82825981057276,0.0456,0.0977,0.026,0.0165,0.0099,0.0207,-0.2231,0.7104,-0.25,0.8155,-0.0263,-0.2666
DAN_23,Danau,2,-7.721233653198129,114.01348508123687,0.0666,0.0814,0.0308,0.0451,0.0168,0.0208,0.1888,0.287,-0.4577,0.6582,0.0373,-0.4029
DAN_24,Danau,2,-7.712340910512017,114.00777875123981,0.0576,0.0726,0.0339,0.0221,0.0274,0.0136,-0.2114,0.5341,0.1086,0.4517,-0.0319,-0.1299
DAN_25,Danau,2,-8.613325419248174,114.08786216547203,0.0493,0.104,0.0315,0.0317,0.0322,0.0164,0.0036,0.5322,0.0071,0.5271,0.0006,-0.1197
DAN_26,Danau,2,-8.057758757814026,114.24170018200971,0.0447,0.1064,0.0388,0.0234,0.0092,0.0203,-0.248,0.6395,-0.4365,0.8412,-0.0412,-0.1728
DAN_27,Danau,2,-8.2825402328782,114.60605040304121,0.0648,0.082,0.0468,0.0415,0.0096,0.0092,-0.0597,0.3275,-0.6262,0.7914,-0.0134,-0.3072
DAN_28,Danau,2,-7.2611639417137335,112.40335871335637,0.0499,0.0946,0.021,0.0328,0.0279,0.0222,0.2191,0.4853,-0.0811,0.545,0.0319,-0.2572
DAN_29,Danau,2,-7.468089037887504,112.52246172998005,0.0537,0.0993,0.0233,0.0439,0.0088,0.0111,0.3057,0.3872,-0.665,0.8367,0.0543,-0.5043
DAN_30,Danau,2,-7.470562968589435,112.5346269572306,0.0719,0.059,0.0269,0.0389,0.0266,0.0167,0.1826,0.2054,-0.1876,0.3784,0.0318,-0.3489
DAN_31,Danau,2,-7.98074810578985,113.31207035978079,0.0678,0.0826,0.0276,0.0238,0.0104,0.0229,-0.0725,0.5521,-0.3903,0.7753,-0.0101,-0.4135
DAN_32,Danau,2,-7.971076972442429,113.33175707814269,0.0633,0.0741,0.0339,0.0479,0.0096,0.0155,0.1716,0.2145,-0.666,0.7705,0.0362,-0.4381
DAN_33,Danau,2,-7.961036311709507,113.33768692370461,0.0602,0.0867,0.0205,0.0449,0.033,0.015,0.372,0.3177,-0.1531,0.449,0.0646,-0.3254
DAN_34,Danau,2,-8.041304055766792,112.9214340937896,0.0679,0.1053,0.0412,0.0161,0.0223,0.016,-0.4382,0.7348,0.1612,0.6507,-0.0676,-0.1387
DAN_35,Danau,2,-8.011802615311462,112.9087504041845,0.057,0.0942,0.048,0.047,0.0185,0.0046,-0.0106,0.334,-0.4348,0.6713,-0.0025,-0.2195
DAN_36,Danau,2,-8.00989805352798,112.90161654501215,0.0794,0.1003,0.0237,0.0468,0.0311,0.0139,0.3272,0.3635,-0.2019,0.5268,0.0607,-0.3943
DAN_37,Danau,2,-7.8311240090797964,111.63127777195739,0.0637,0.0739,0.0216,0.0234,0.0291,0.0021,0.0392,0.5191,0.1082,0.4354,0.0049,-0.2637
DAN_38,Danau,2,-7.662235201012979,111.21148138651473,0.0533,0.0739,0.0361,0.0468,0.0154,0.01,0.1287,0.2245,-0.505,0.6552,0.0275,-0.3206
DAN_39,Danau,2,-8.059208824709186,114.24218784596872,0.0695,0.0771,0.0267,0.0281,0.0092,0.0061,0.0248,0.466,-0.5056,0.7863,0.0037,-0.4615
DAN_40,Danau,2,-8.15113740965597,112.44142266551026,0.0599,0.0751,0.0474,0.0245,0.0224,0.0165,-0.319,0.5083,-0.0443,0.5404,-0.0602,-0.0944
DAN_41,Danau,2,-8.16113740965597,112.45842266551026,0.0405,0.0898,0.0253,0.0484,0.0095,0.0115,0.3131,0.2992,-0.6732,0.8094,0.0604,-0.4376
DAN_42,Danau,2,-7.871137409655969,112.35142266551027,0.0434,0.1098,0.0351,0.0338,0.007,0.0192,-0.0182,0.5291,-0.6565,0.8799,-0.0033,-0.2946
DAN_43,Danau,2,-7.551137409655971,111.71242266551026,0.0484,0.1039,0.0262,0.0176,0.0061,0.0129,-0.1947,0.7099,-0.486,0.8891,-0.0235,-0.3437
DAN_44,Danau,2,-7.981137409655969,111.81142266551025,0.0626,0.0539,0.0433,0.0281,0.0207,0.0121,-0.212,0.3145,-0.1514,0.4447,-0.0397,-0.1727
DAN_45,Danau,2,-7.7111374096559695,113.01142266551027,0.056,0.0836,0.0247,0.0173,0.0309,0.0238,-0.176,0.6574,0.2821,0.4607,-0.0204,-0.1382
DAN_46,Danau,2,-7.36113740965597,111.86142266551025,0.0549,0.0662,0.0393,0.0263,0.0058,0.0056,-0.1975,0.4309,-0.6411,0.84,-0.0344,-0.2865
DAN_47,Danau,2,-7.2111374096559695,112.28142266551026,0.0686,0.0895,0.0208,0.0189,0.0119,0.0175,-0.0487,0.6517,-0.2255,0.7648,-0.0054,-0.4554
DAN_48,Danau,2,-7.281137409655969,112.21142266551026,0.0408,0.0562,0.044,0.0171,0.0246,0.0075,-0.4392,0.5328,0.1783,0.3917,-0.0718,0.0842
DAN_49,Danau,2,-7.421137409655969,111.53142266551025,0.044,0.0646,0.0417,0.0442,0.0299,0.0111,0.0298,0.1871,-0.1932,0.367,0.0066,-0.1041
DAN_50,Danau,2,-7.451137409655971,111.58142266551023,0.0667,0.0623,0.0288,0.0459,0.0054,0.004,0.2285,0.1521,-0.7896,0.8407,0.0445,-0.5341
LAH_01,Lahan Hijau,3,-8.25190653691166,110.99776385011239,0.0262,0.0411,0.0254,0.5966,0.1337,0.1125,0.9182,-0.8712,-0.6338,-0.5301,0.7636,-0.5929
LAH_02,Lahan Hijau,3,-8.220155749412145,111.04296392099286,0.0445,0.0537,0.0278,0.5559,0.1472,0.0688,0.9048,-0.8239,-0.5813,-0.4657,0.731,-0.5486
LAH_03,Lahan Hijau,3,-8.22398400636041,111.09843613407146,0.0387,0.0564,0.0366,0.5672,0.1236,0.1164,0.8789,-0.8192,-0.6423,-0.3734,0.7211,-0.582
LAH_04,Lahan Hijau,3,-8.202473596946046,111.08352449408815,0.0429,0.0456,0.0461,0.5775,0.1716,0.106,0.8523,-0.8536,-0.5419,-0.58,0.7095,-0.4806
LAH_05,Lahan Hijau,3,-8.20587413622046,111.09257817868169,0.0328,0.0409,0.0281,0.5883,0.1507,0.0681,0.909,-0.87,-0.5922,-0.573,0.7528,-0.5531
LAH_06,Lahan Hijau,3,-8.353220978940485,111.67916931409192,0.0242,0.0734,0.0495,0.5851,0.1137,0.0691,0.8439,-0.7771,-0.6745,-0.2156,0.7081,-0.5773
LAH_07,Lahan Hijau,3,-8.211236954711566,111.90395905800986,0.0206,0.0766,0.0235,0.5953,0.1219,0.0888,0.9239,-0.7721,-0.66,-0.2285,0.7666,-0.6179
LAH_08,Lahan Hijau,3,-8.190941862892622,111.93942811677579,0.0395,0.0732,0.0262,0.4822,0.111,0.113,0.897,-0.7364,-0.6259,-0.2051,0.6783,-0.5837
LAH_09,Lahan Hijau,3,-8.178352467669686,112.0573010358844,0.0462,0.0639,0.038,0.613,0.114,0.114,0.8832,-0.8112,-0.6863,-0.2818,0.7493,-0.6252
LAH_10,Lahan Hijau,3,-8.27692621246427,111.94994269007813,0.0326,0.0553,0.0356,0.4894,0.1133,0.1017,0.8645,-0.7969,-0.624,-0.3438,0.6642,-0.5562
LAH_11,Lahan Hijau,3,-8.395521757685579,112.7447216429951,0.0225,0.0641,0.0274,0.5579,0.1231,0.0749,0.9065,-0.7938,-0.6385,-0.315,0.7333,-0.5882
LAH_12,Lahan Hijau,3,-8.40379358807868,112.68398924691112,0.0416,0.0519,0.037,0.5752,0.1531,0.1156,0.8791,-0.8345,-0.5796,-0.4938,0.7259,-0.5288
LAH_13,Lahan Hijau,3,-8.432800269964433,112.6496268171281,0.042,0.0486,0.0209,0.5325,0.1476,0.0536,0.9243,-0.8327,-0.5659,-0.5046,0.7284,-0.5463
LAH_14,Lahan Hijau,3,-8.436787697948068,112.66867689500509,0.0349,0.0639,0.03,0.6342,0.1085,0.0553,0.9096,-0.817,-0.7078,-0.259,0.7784,-0.6569
LAH_15,Lahan Hijau,3,-8.415930027189777,112.71328276702725,0.0418,0.0598,0.0407,0.567,0.1197,0.1073,0.8662,-0.8091,-0.6513,-0.3336,0.7128,-0.583
LAH_16,Lahan Hijau,3,-8.13521924044494,113.224441096784,0.044,0.0678,0.0282,0.598,0.1289,0.0564,0.91,-0.7964,-0.6454,-0.3106,0.759,-0.6069
LAH_17,Lahan Hijau,3,-8.126739407302654,113.23643469473807,0.0475,0.0455,0.0485,0.5692,0.1148,0.0879,0.8429,-0.852,-0.6643,-0.4326,0.6988,-0.5813
LAH_18,Lahan Hijau,3,-8.115172074490587,113.22828256967549,0.0462,0.0693,0.0442,0.6118,0.1554,0.1094,0.8652,-0.7965,-0.5949,-0.3832,0.7365,-0.5345
LAH_19,Lahan Hijau,3,-8.106241431772165,113.21330166316775,0.0275,0.0596,0.0266,0.6775,0.1755,0.0528,0.9243,-0.8383,-0.5885,-0.4932,0.8108,-0.5543
LAH_20,Lahan Hijau,3,-7.979753555843965,113.2189842992946,0.0412,0.077,0.0254,0.5936,0.1732,0.0524,0.9179,-0.7703,-0.5482,-0.3845,0.7616,-0.5233
LAH_21,Lahan Hijau,3,-8.582393178269509,113.99492474801747,0.0409,0.0519,0.0477,0.6742,0.1755,0.0832,0.8678,-0.8571,-0.5868,-0.5437,0.769,-0.5241
LAH_22,Lahan Hijau,3,-8.605111722582635,114.02611217359164,0.0459,0.0738,0.0296,0.6458,0.103,0.0917,0.9124,-0.7949,-0.725,-0.1651,0.7864,-0.6784
LAH_23,Lahan Hijau,3,-8.336945779153693,113.99415820304858,0.0269,0.0448,0.0223,0.6193,0.1272,0.1007,0.9305,-0.865,-0.6592,-0.4788,0.7844,-0.6242
LAH_24,Lahan Hijau,3,-8.559824333190143,113.97748859742693,0.022,0.0526,0.0362,0.6381,0.1255,0.0938,0.8927,-0.8477,-0.6713,-0.4092,0.7689,-0.6065
LAH_25,Lahan Hijau,3,-8.395377533505417,114.04527807687566,0.0466,0.0646,0.027,0.4849,0.1696,0.0515,0.8945,-0.7648,-0.4817,-0.4481,0.6788,-0.4599
LAH_26,Lahan Hijau,3,-7.8207697614847245,111.34455483667669,0.0462,0.0612,0.0482,0.6398,0.1798,0.0745,0.8599,-0.8255,-0.5612,-0.4925,0.747,-0.5011
LAH_27,Lahan Hijau,3,-7.757803147139961,111.28610926174818,0.043,0.0561,0.0344,0.6055,0.1699,0.1189,0.8925,-0.8305,-0.5618,-0.5037,0.7515,-0.5209
LAH_28,Lahan Hijau,3,-7.791961806768303,111.56416019560208,0.043,0.0567,0.0326,0.6275,0.1191,0.0577,0.9011,-0.8342,-0.681,-0.3549,0.7691,-0.6309
LAH_29,Lahan Hijau,3,-7.747349953627892,111.57848798381532,0.0306,0.0515,0.0289,0.5267,0.1034,0.0513,0.896,-0.8219,-0.6719,-0.335,0.7074,-0.6164
LAH_30,Lahan Hijau,3,-7.712090568842664,111.25534145956951,0.0496,0.0571,0.0315,0.6159,0.1175,0.1165,0.9026,-0.8303,-0.6797,-0.3457,0.7639,-0.6342
LAH_31,Lahan Hijau,3,-7.780831604492749,111.7579662428058,0.0436,0.0436,0.0325,0.6558,0.1756,0.0827,0.9055,-0.8754,-0.5776,-0.6023,0.7868,-0.5414
LAH_32,Lahan Hijau,3,-7.717984290526592,111.87357649420599,0.0384,0.0467,0.0497,0.5263,0.1754,0.0955,0.8273,-0.8371,-0.5001,-0.5796,0.6644,-0.4299
LAH_33,Lahan Hijau,3,-7.7705866701016575,111.80371503917856,0.0382,0.0605,0.0269,0.5153,0.1176,0.0631,0.9007,-0.7898,-0.6283,-0.3207,0.7029,-0.5858
LAH_34,Lahan Hijau,3,-7.765893249245281,111.81417473993828,0.0434,0.054,0.0217,0.6738,0.1707,0.1149,0.9375,-0.8516,-0.5957,-0.5193,0.8181,-0.5769
LAH_35,Lahan Hijau,3,-7.763811693774518,111.81851414553464,0.0498,0.047,0.0319,0.6316,0.1557,0.0608,0.9039,-0.8616,-0.6045,-0.5366,0.7732,-0.5683
LAH_36,Lahan Hijau,3,-7.75746649665432,112.53265648156017,0.0445,0.049,0.0267,0.5874,0.1474,0.0906,0.913,-0.8461,-0.5987,-0.5013,0.7549,-0.5679
LAH_37,Lahan Hijau,3,-7.755697558573059,112.52815348535322,0.0227,0.0751,0.028,0.5059,0.1711,0.1169,0.8952,-0.7415,-0.4945,-0.3899,0.6934,-0.4529
LAH_38,Lahan Hijau,3,-7.751415558897804,112.58785307522626,0.0459,0.0724,0.0397,0.5902,0.107,0.0786,0.8741,-0.7815,-0.6931,-0.1928,0.7309,-0.6253
LAH_39,Lahan Hijau,3,-7.797171075367303,112.65978290429025,0.0312,0.0504,0.0417,0.5792,0.1065,0.0654,0.8657,-0.8399,-0.6894,-0.3576,0.7193,-0.6093
LAH_40,Lahan Hijau,3,-7.782041401798212,112.6728037457987,0.0405,0.043,0.0455,0.579,0.1384,0.0915,0.8542,-0.8616,-0.6141,-0.5256,0.7116,-0.5421
LAH_41,Lahan Hijau,3,-7.773740627770084,113.17390826750211,0.0447,0.0539,0.0403,0.5931,0.1214,0.1115,0.8726,-0.8334,-0.6603,-0.3848,0.7316,-0.5955
LAH_42,Lahan Hijau,3,-7.766084263063578,113.17401397856759,0.0439,0.0663,0.0455,0.6535,0.1567,0.1086,0.8698,-0.8157,-0.6132,-0.4051,0.7606,-0.5505
LAH_43,Lahan Hijau,3,-7.758639248571127,113.19282970800421,0.0409,0.0672,0.0386,0.6305,0.1127,0.1117,0.8847,-0.8074,-0.6968,-0.2528,0.7595,-0.6323
LAH_44,Lahan Hijau,3,-7.79131810597263,113.21082402457519,0.0462,0.0412,0.0448,0.5058,0.1268,0.102,0.8373,-0.8495,-0.5991,-0.5098,0.6582,-0.5257
LAH_45,Lahan Hijau,3,-7.784152849459317,113.21232510649071,0.0248,0.0727,0.045,0.5815,0.1005,0.0701,0.8564,-0.7777,-0.7052,-0.1604,0.7144,-0.613
LAH_46,Lahan Hijau,3,-7.757355379152961,113.91484822502568,0.0385,0.0792,0.039,0.532,0.1507,0.0878,0.8635,-0.7407,-0.5584,-0.3108,0.6905,-0.5009
LAH_47,Lahan Hijau,3,-7.758600451770429,113.91829226482054,0.0434,0.0443,0.0428,0.5883,0.177,0.0739,0.8643,-0.86,-0.5373,-0.5999,0.7233,-0.4836
LAH_48,Lahan Hijau,3,-7.7084059590482985,113.99799541821655,0.039,0.0773,0.0231,0.6674,0.155,0.0547,0.9332,-0.7925,-0.623,-0.3347,0.8119,-0.5973
LAH_49,Lahan Hijau,3,-7.706811158303114,114.0054053984392,0.029,0.0683,0.022,0.5964,0.1277,0.0935,0.9288,-0.7944,-0.6474,-0.3028,0.7704,-0.6138
LAH_50,Lahan Hijau,3,-7.707740568936184,114.00560002024243,0.0214,0.0749,0.0492,0.6738,0.16,0.0591,0.8639,-0.8,-0.6163,-0.3624,0.766,-0.5374
LAU_01,Laut,4,-8.919777516198497,111.43959976856856,0.1282,0.0312,0.0107,0.0115,0.0103,0.0118,0.0365,0.4627,-0.0546,0.5045,0.0023,-0.7392
LAU_02,Laut,4,-8.93813927900403,111.4178534440384,0.1215,0.0523,0.0182,0.0249,0.0091,0.0073,0.156,0.3541,-0.4655,0.7036,0.0186,-0.6857
LAU_03,Laut,4,-8.565853299940267,111.17442372052439,0.0747,0.0697,0.0308,0.0094,0.0026,0.0105,-0.5319,0.7621,-0.5717,0.929,-0.0594,-0.432
LAU_04,Laut,4,-8.560630421891005,111.16874014629833,0.1189,0.0437,0.0385,0.008,0.0092,0.0142,-0.6553,0.6896,0.0692,0.6515,-0.0837,-0.4534
LAU_05,Laut,4,-9.423348520558772,110.04092052862873,0.0978,0.0619,0.0219,0.0105,0.0197,0.0067,-0.3531,0.7104,0.3052,0.5174,-0.0322,-0.4446
LAU_06,Laut,4,-8.112017049999999,110.17368239363024,0.1405,0.0415,0.0164,0.0056,0.0134,0.0062,-0.4892,0.7613,0.4083,0.5123,-0.0309,-0.6614
LAU_07,Laut,4,-6.356617767154705,111.64763746773603,0.1378,0.0537,0.039,0.0087,0.0175,0.0119,-0.6352,0.7207,0.3354,0.5081,-0.0831,-0.443
LAU_08,Laut,4,-6.358679156724792,111.56729010428033,0.1294,0.0722,0.0328,0.0175,0.0035,0.0015,-0.304,0.6095,-0.6675,0.9077,-0.0417,-0.6035
LAU_09,Laut,4,-5.6382351235925645,111.97118065803153,0.1429,0.0608,0.0339,0.0146,0.0032,0.0028,-0.397,0.6122,-0.6384,0.8992,-0.0527,-0.6185
LAU_10,Laut,4,-5.513900760843958,111.97902510345966,0.1217,0.0515,0.016,0.0148,0.0022,0.0091,-0.0384,0.5529,-0.7396,0.9174,-0.0033,-0.7643
LAU_11,Laut,4,-8.960808962899655,112.97835271243008,0.0842,0.0699,0.0193,0.0141,0.0012,0.002,-0.1558,0.6641,-0.8406,0.9656,-0.0146,-0.6545
LAU_12,Laut,4,-8.927472232959747,112.96060000068235,0.0953,0.054,0.028,0.0108,0.0142,0.013,-0.4421,0.6658,0.1346,0.5834,-0.0478,-0.4311
LAU_13,Laut,4,-7.877757918303818,113.07639228465952,0.1302,0.032,0.0244,0.0071,0.0056,0.0148,-0.5495,0.6367,-0.1181,0.702,-0.0489,-0.6412
LAU_14,Laut,4,-7.325075,113.20170039295778,0.0728,0.0549,0.0285,0.019,0.0116,0.0011,-0.1995,0.4851,-0.2417,0.6505,-0.026,-0.3915
LAU_15,Laut,4,-6.556799580845371,112.96106456510508,0.0894,0.0559,0.0126,0.012,0.0016,0.0021,-0.0253,0.6462,-0.7609,0.9433,-0.0018,-0.7533
LAU_16,Laut,4,-6.547101285702128,112.96060000068235,0.0957,0.0366,0.027,0.0188,0.0162,0.0038,-0.1798,0.322,-0.0737,0.3865,-0.0226,-0.4518
LAU_17,Laut,4,-5.933687672135575,112.96710373238167,0.0751,0.0352,0.0291,0.0191,0.0016,0.0141,-0.2066,0.2962,-0.8456,0.9131,-0.0273,-0.5085
LAU_18,Laut,4,-6.059456835702129,112.96060000068235,0.0647,0.0571,0.0313,0.0224,0.0146,0.0122,-0.1649,0.4359,-0.2123,0.5933,-0.024,-0.3104
LAU_19,Laut,4,-5.301580946199177,112.92923577953155,0.0906,0.0707,0.0124,0.0229,0.0114,0.0124,0.2972,0.511,-0.335,0.7223,0.0294,-0.6531
LAU_20,Laut,4,-5.394059035268835,112.96060000068235,0.1007,0.0622,0.0258,0.0196,0.0026,0.0018,-0.1356,0.5201,-0.77,0.9212,-0.0169,-0.6187
LAU_21,Laut,4,-9.07492679584703,114.042738058847,0.0822,0.038,0.0362,0.0094,0.0195,0.0057,-0.5878,0.6037,0.3511,0.3205,-0.0736,-0.2439
LAU_22,Laut,4,-9.064171679469904,114.029058296991,0.0764,0.0695,0.0298,0.015,0.0116,0.0111,-0.3308,0.6456,-0.1287,0.7149,-0.0407,-0.3772
LAU_23,Laut,4,-7.550964083010226,114.0738484840654,0.0806,0.0798,0.0392,0.018,0.0048,0.0105,-0.3709,0.6318,-0.5796,0.8867,-0.0572,-0.3824
LAU_24,Laut,4,-8.536337199999998,113.69249839295776,0.0665,0.0315,0.0177,0.0143,0.0175,0.0112,-0.1087,0.3774,0.1022,0.2863,-0.0098,-0.3925
LAU_25,Laut,4,-6.492733225832882,114.034626327786,0.1268,0.0513,0.0204,0.0124,0.0198,0.0016,-0.2426,0.61,0.2282,0.4435,-0.0224,-0.5525
LAU_26,Laut,4,-6.473338522214597,114.029058296991,0.138,0.0589,0.0232,0.0195,0.0102,0.0132,-0.0856,0.5027,-0.3112,0.7038,-0.0101,-0.6501
LAU_27,Laut,4,-5.674147631602451,114.02791244563926,0.1411,0.0511,0.0183,0.0168,0.0183,0.0039,-0.0415,0.504,0.0423,0.4718,-0.0041,-0.6233
LAU_28,Laut,4,-5.836756072214596,114.029058296991,0.1161,0.0616,0.032,0.0076,0.0146,0.0137,-0.6148,0.7795,0.3135,0.6167,-0.0677,-0.4528
LAU_29,Laut,4,-4.838583604746435,114.08133440538427,0.0762,0.0419,0.0391,0.0086,0.0172,0.0079,-0.639,0.6586,0.3332,0.4169,-0.0836,-0.2013
LAU_30,Laut,4,-4.735189087888433,114.06985504631835,0.0823,0.0735,0.0234,0.0153,0.0078,0.0093,-0.2086,0.6556,-0.3231,0.8076,-0.0225,-0.5155
LAU_31,Laut,4,-9.012110300016777,114.8458594030489,0.0747,0.0496,0.0391,0.0102,0.0135,0.0056,-0.5872,0.6596,0.1402,0.5723,-0.079,-0.2352
LAU_32,Laut,4,-9.102371391990332,114.88262214250572,0.1296,0.0365,0.0391,0.0141,0.0055,0.002,-0.4705,0.4438,-0.4392,0.739,-0.0678,-0.5264
LAU_33,Laut,4,-7.676372956680132,114.87409555139658,0.0753,0.056,0.0201,0.0216,0.0092,0.0045,0.0352,0.4436,-0.4027,0.7181,0.0041,-0.5355
LAU_34,Laut,4,-7.626651909244325,114.88262214250572,0.1155,0.0653,0.015,0.0084,0.0017,0.0113,-0.285,0.7733,-0.6622,0.9494,-0.0191,-0.7623
LAU_35,Laut,4,-6.704028597348816,114.88093671323672,0.1197,0.0537,0.0353,0.0211,0.0121,0.0132,-0.2518,0.4358,-0.2705,0.6318,-0.0383,-0.4961
LAU_36,Laut,4,-6.524599833809775,114.88262214250572,0.0785,0.0356,0.0181,0.0061,0.0111,0.0141,-0.4931,0.7057,0.2872,0.5248,-0.0342,-0.4873
LAU_37,Laut,4,-5.743850840094792,114.88262214250574,0.0635,0.0361,0.0236,0.0237,0.007,0.0081,0.0024,0.2079,-0.5433,0.6749,0.0003,-0.4809
LAU_38,Laut,4,-5.743850840094792,114.88262214250572,0.0637,0.0374,0.0396,0.0243,0.0011,0.0143,-0.2394,0.2125,-0.9138,0.9432,-0.0407,-0.3678
LAU_39,Laut,4,-4.785191385306796,114.87105940153157,0.1175,0.0734,0.0236,0.0153,0.0103,0.0103,-0.2138,0.6548,-0.1962,0.7541,-0.0232,-0.5931
LAU_40,Laut,4,-4.742335292254172,114.88262214250572,0.0726,0.0315,0.0192,0.0191,0.0048,0.0104,-0.0038,0.2452,-0.5958,0.7338,-0.0004,-0.584
LAU_41,Laut,4,-6.9840471595156215,116.2340785091239,0.1473,0.0347,0.0302,0.0139,0.0175,0.0035,-0.3701,0.4287,0.1154,0.3296,-0.0449,-0.5434
LAU_42,Laut,4,-7.908474067589424,115.80423354015404,0.1223,0.0719,0.0383,0.0187,0.0104,0.0096,-0.3451,0.5878,-0.2823,0.7463,-0.053,-0.4859
LAU_43,Laut,4,-7.357502088993419,116.20206667786486,0.1382,0.0585,0.0109,0.0236,0.0141,0.0105,0.368,0.425,-0.2523,0.6117,0.0357,-0.7322
LAU_44,Laut,4,-7.328925073292697,116.21950160553146,0.0794,0.0629,0.0218,0.018,0.003,0.0102,-0.0952,0.5548,-0.7125,0.9083,-0.0105,-0.5937
LAU_45,Laut,4,-6.961944122147813,116.32315971909944,0.1499,0.0324,0.0393,0.0131,0.0175,0.012,-0.499,0.4231,0.1436,0.2976,-0.0711,-0.483
LAU_46,Laut,4,-6.960641799999999,116.61922350063458,0.111,0.0669,0.0364,0.0131,0.0072,0.0103,-0.4707,0.6729,-0.2892,0.8054,-0.0635,-0.4803
LAU_47,Laut,4,-6.5695937522999985,116.22029591180201,0.1327,0.0681,0.0339,0.0137,0.0165,0.0027,-0.4244,0.6648,0.0935,0.6092,-0.0554,-0.4873
LAU_48,Laut,4,-6.58300745,116.23194901005557,0.109,0.0303,0.0197,0.0123,0.0085,0.0107,-0.231,0.4214,-0.1823,0.5606,-0.0209,-0.6221
LAU_49,Laut,4,-5.699017075906327,115.68527583628425,0.095,0.0524,0.0171,0.0125,0.0053,0.002,-0.1575,0.6159,-0.4019,0.8158,-0.0132,-0.6544
LAU_50,Laut,4,-5.3653676287482845,115.42447721652388,0.1143,0.0634,0.0286,0.0143,0.0082,0.0131,-0.334,0.6326,-0.2692,0.7706,-0.0396,-0.555
MAN_01,Mangrove,5,-7.627247600830766,112.9059676126849,0.0304,0.0492,0.0156,0.6285,0.0704,0.0439,0.9516,-0.8549,-0.7985,-0.1777,0.8036,-0.7691
MAN_02,Mangrove,5,-7.62664564747652,112.90422686908721,0.0316,0.0513,0.029,0.7259,0.105,0.0631,0.9232,-0.8679,-0.7472,-0.3434,0.8331,-0.6994
MAN_03,Mangrove,5,-7.626030045259783,112.90295499591461,0.0391,0.0307,0.0195,0.5517,0.0918,0.0739,0.9317,-0.8945,-0.7147,-0.4984,0.7453,-0.683
MAN_04,Mangrove,5,-7.618336791962639,112.89128453254948,0.0249,0.0671,0.0164,0.7649,0.0681,0.0261,0.9581,-0.8387,-0.8364,-0.0078,0.8763,-0.8067
MAN_05,Mangrove,5,-7.61881526379987,112.89244082957728,0.0297,0.0403,0.0216,0.6207,0.1042,0.0523,0.9329,-0.8781,-0.7124,-0.4427,0.7868,-0.6759
MAN_06,Mangrove,5,-7.617073408440058,112.89030473532199,0.0262,0.0544,0.0315,0.6127,0.0731,0.0273,0.9023,-0.8369,-0.7869,-0.1464,0.762,-0.7187
MAN_07,Mangrove,5,-7.615980743623303,112.88834524850411,0.0236,0.0572,0.0192,0.6708,0.0967,0.0264,0.9444,-0.8427,-0.748,-0.2564,0.8214,-0.7139
MAN_08,Mangrove,5,-7.616515791326811,112.88842620254593,0.0313,0.0403,0.0371,0.6612,0.1045,0.053,0.8936,-0.8852,-0.7271,-0.4437,0.7812,-0.6604
MAN_09,Mangrove,5,-7.139852184651423,114.49730667862923,0.0209,0.0553,0.0369,0.6884,0.1055,0.0731,0.8983,-0.8512,-0.7341,-0.3121,0.7976,-0.6656
MAN_10,Mangrove,5,-6.9672813477212685,114.43510729596343,0.0246,0.0385,0.0291,0.6445,0.1072,0.074,0.9137,-0.8873,-0.7148,-0.4717,0.7867,-0.6617
MAN_11,Mangrove,5,-6.9762801710048405,115.29059793813872,0.0271,0.0395,0.033,0.6132,0.1058,0.0454,0.898,-0.879,-0.7057,-0.4566,0.7594,-0.6438
MAN_12,Mangrove,5,-6.977023637459066,115.29350311191122,0.0334,0.0338,0.0293,0.6539,0.0869,0.0301,0.9141,-0.9016,-0.7653,-0.4398,0.7917,-0.7106
MAN_13,Mangrove,5,-6.967535290348569,115.32380757709615,0.0347,0.0645,0.02,0.572,0.0419,0.0585,0.9325,-0.7973,-0.8635,0.2126,0.7583,-0.8149
MAN_14,Mangrove,5,-6.919107788648007,115.32937101874838,0.0321,0.0519,0.0203,0.6399,0.0876,0.0498,0.9384,-0.85,-0.7593,-0.256,0.801,-0.7233
MAN_15,Mangrove,5,-6.917463324293474,115.34626178169381,0.0398,0.0355,0.031,0.643,0.0743,0.0631,0.908,-0.8955,-0.7929,-0.3536,0.782,-0.7329
MAN_16,Mangrove,5,-6.82932778390061,115.27456741191854,0.0338,0.0697,0.018,0.5739,0.0979,0.0547,0.9393,-0.7836,-0.7084,-0.1688,0.7638,-0.6797
MAN_17,Mangrove,5,-7.196844873926645,112.76265739558944,0.0255,0.0332,0.017,0.7557,0.0553,0.0394,0.9561,-0.9159,-0.8635,-0.2505,0.8707,-0.8305
MAN_18,Mangrove,5,-7.203367967956904,112.7737837032756,0.0245,0.0442,0.0166,0.6694,0.0454,0.068,0.9516,-0.8761,-0.8729,-0.0135,0.8256,-0.8359
MAN_19,Mangrove,5,-7.200730654059801,112.76765644027839,0.0247,0.0516,0.0352,0.6997,0.0826,0.0395,0.9041,-0.8626,-0.7887,-0.2312,0.8071,-0.7201
MAN_20,Mangrove,5,-7.198921949656735,112.76816821319007,0.0267,0.0568,0.0379,0.7022,0.0846,0.0638,0.8977,-0.8504,-0.7849,-0.1969,0.8036,-0.7123
MAN_21,Mangrove,5,-7.200413512396821,112.7701635277483,0.0293,0.0324,0.0279,0.7703,0.054,0.0614,0.93,-0.9193,-0.8689,-0.2501,0.8577,-0.8141
MAN_22,Mangrove,5,-7.200632881377234,112.7695000074402,0.024,0.0514,0.0172,0.6536,0.1005,0.0409,0.9486,-0.8541,-0.7335,-0.3229,0.8153,-0.704
MAN_23,Mangrove,5,-7.202116580475633,112.77223065419227,0.0333,0.0618,0.0363,0.604,0.0719,0.0291,0.8865,-0.8143,-0.7871,-0.0757,0.7467,-0.7095
MAN_24,Mangrove,5,-7.203388201404125,112.77198464857027,0.0398,0.0671,0.0274,0.7437,0.0817,0.0574,0.9289,-0.8345,-0.8021,-0.0981,0.8452,-0.7556
MAN_25,Mangrove,5,-7.206489161926061,112.77422893110065,0.0218,0.0602,0.0179,0.74,0.1026,0.0625,0.9527,-0.8495,-0.7565,-0.2602,0.861,-0.7268
MAN_26,Mangrove,5,-7.207987891933571,112.77623736353841,0.0207,0.0421,0.0211,0.6328,0.047,0.0762,0.9356,-0.8752,-0.8617,-0.0548,0.7953,-0.8114
MAN_27,Mangrove,5,-7.211469811448722,112.78098480475619,0.0311,0.0422,0.0241,0.6529,0.088,0.0509,0.9287,-0.8785,-0.7623,-0.3518,0.8013,-0.7182
MAN_28,Mangrove,5,-7.2509022691948894,112.80801497901788,0.0384,0.0499,0.0378,0.7458,0.0567,0.0758,0.9035,-0.8746,-0.8587,-0.0638,0.8273,-0.7849
MAN_29,Mangrove,5,-7.2222101235669465,113.26013849749992,0.0223,0.0627,0.0238,0.7519,0.1094,0.0684,0.9388,-0.8461,-0.7459,-0.2716,0.8562,-0.7064
MAN_30,Mangrove,5,-7.217592617687827,113.2723999237623,0.0358,0.0422,0.0169,0.6427,0.0539,0.0617,0.9489,-0.8768,-0.8453,-0.1217,0.8096,-0.8112
MAN_31,Mangrove,5,-7.217088088332571,113.29970653408739,0.0269,0.069,0.0297,0.7392,0.0506,0.0717,0.9226,-0.8292,-0.8719,0.154,0.8386,-0.8102
MAN_32,Mangrove,5,-7.735127461759244,113.21352358487027,0.0385,0.0495,0.0289,0.7259,0.054,0.0502,0.9233,-0.8724,-0.8616,-0.0435,0.8331,-0.8042
MAN_33,Mangrove,5,-8.43857827889939,113.58581564411165,0.028,0.0359,0.0235,0.5657,0.0421,0.0281,0.9204,-0.8808,-0.8616,-0.0797,0.7468,-0.8012
MAN_34,Mangrove,5,-8.438712355290964,113.58487437106675,0.0393,0.052,0.0372,0.6495,0.0649,0.0504,0.8916,-0.8518,-0.8182,-0.1109,0.7739,-0.7417
MAN_35,Mangrove,5,-8.439154458287,113.58913796197629,0.0288,0.0342,0.0297,0.5997,0.0896,0.059,0.9055,-0.892,-0.7401,-0.447,0.757,-0.6809
MAN_36,Mangrove,5,-8.422769950379436,113.56201472190136,0.023,0.0325,0.033,0.6558,0.0447,0.0797,0.9043,-0.9057,-0.8725,-0.1582,0.7859,-0.7948
MAN_37,Mangrove,5,-8.43783525166918,112.67271965077424,0.0212,0.0578,0.0376,0.605,0.0514,0.0273,0.8829,-0.8256,-0.8434,0.0588,0.7448,-0.7511
MAN_38,Mangrove,5,-8.437042687850141,112.67524394907811,0.0261,0.034,0.0309,0.5643,0.0808,0.0798,0.8961,-0.8862,-0.7496,-0.4069,0.7305,-0.6819
MAN_39,Mangrove,5,-8.43643312716759,112.67603192847287,0.0363,0.0546,0.022,0.6935,0.0822,0.0456,0.9384,-0.854,-0.7881,-0.2015,0.8286,-0.7501
MAN_40,Mangrove,5,-8.215591492006025,114.37330194282774,0.0226,0.0655,0.0253,0.5948,0.0694,0.0448,0.9183,-0.8017,-0.791,-0.0293,0.7625,-0.7339
MAN_41,Mangrove,5,-7.248090962624581,112.80321434060075,0.0366,0.0593,0.0327,0.5525,0.0733,0.0489,0.8883,-0.806,-0.7658,-0.1052,0.7185,-0.695
MAN_42,Mangrove,5,-7.259308317682413,112.82666113185176,0.0204,0.0404,0.0325,0.5815,0.0828,0.0329,0.8942,-0.8701,-0.7507,-0.3444,0.7393,-0.6785
MAN_43,Mangrove,5,-7.26429020556955,112.83304583402925,0.0202,0.0396,0.0374,0.7344,0.1168,0.0493,0.903,-0.8975,-0.7256,-0.493,0.822,-0.6606
MAN_44,Mangrove,5,-7.308360768727673,112.83759112123045,0.0222,0.0519,0.0255,0.7442,0.0478,0.0493,0.9339,-0.8696,-0.8792,0.0408,0.8492,-0.8254
MAN_45,Mangrove,5,-7.325387342897647,112.83378196223211,0.023,0.043,0.032,0.6595,0.0701,0.0437,0.9076,-0.8776,-0.8079,-0.2396,0.79,-0.7399
MAN_46,Mangrove,5,-7.369519671552345,112.83484563857138,0.0292,0.0614,0.0355,0.7697,0.103,0.0389,0.9118,-0.8522,-0.7641,-0.2528,0.8438,-0.7046
MAN_47,Mangrove,5,-7.035040326684727,112.68097961717142,0.0338,0.0475,0.0209,0.7434,0.0431,0.0741,0.9454,-0.8799,-0.8905,0.0489,0.8573,-0.848
MAN_48,Mangrove,5,-7.570935601729398,112.87680928218971,0.0292,0.0555,0.0302,0.7559,0.0909,0.0568,0.9232,-0.8632,-0.7852,-0.2421,0.8464,-0.7327
MAN_49,Mangrove,5,-7.037840445444121,112.68035052526095,0.0213,0.0507,0.0185,0.7196,0.081,0.0608,0.95,-0.8683,-0.7977,-0.2296,0.8495,-0.7634
MAN_50,Mangrove,5,-8.596599202332214,114.23430250798563,0.0208,0.0334,0.0315,0.5666,0.0457,0.0207,0.8947,-0.8887,-0.8507,-0.1556,0.731,-0.7677
