id,kelas,wilayah,lat,lon,Latitude,Longitude,poligon_id,B2,B3,B4,B5,B6,B7,B8,B8A,B11,B12,NDVI,NDWI,MNDWI,NDBI,NDRE,EVI,SAVI,BSI
0,Sawah,sawahfix,-7.700192,111.955981,-7.700191593819848,111.95598091125323,0,0.055,0.117,0.0793,0.1724,0.3028,0.3959,0.4518,0.4428,0.1356,0.0925,0.7014,-0.5886,-0.0736,-0.5383,0.4476,0.6146,0.5419,-0.4045
1,Sawah,sawahfix,-7.70114,111.956453,-7.701139855182734,111.95645325607578,1,0.0423,0.112,0.074,0.1731,0.3118,0.4109,0.4704,0.461,0.1221,0.1576,0.7281,-0.6154,-0.0431,-0.5878,0.462,0.6205,0.5693,-0.4467
2,Sawah,sawahfix,-7.387015,112.707783,-7.387014633755332,112.70778300093858,2,0.0733,0.0727,0.0573,0.1383,0.2516,0.3326,0.3812,0.3736,0.1504,0.122,0.7387,-0.6797,-0.3483,-0.4342,0.4676,0.689,0.5177,-0.3727
3,Sawah,sawahfix,-7.384762,112.714195,-7.384761707917748,112.71419544619752,3,0.0573,0.0775,0.0745,0.1493,0.254,0.3288,0.3737,0.3662,0.1492,0.1093,0.6676,-0.6565,-0.3163,-0.4293,0.4291,0.5378,0.4733,-0.3166
4,Sawah,sawahfix,-8.457965,114.104932,-8.457964891274528,114.10493151870044,4,0.0582,0.1071,0.058,0.1529,0.2856,0.3805,0.4374,0.4287,0.1792,0.0837,0.7658,-0.6066,-0.2518,-0.4187,0.482,0.7032,0.5717,-0.3526
5,Sawah,sawahfix,-8.464163,114.118269,-8.464163398440276,114.11826922289752,5,0.0643,0.0702,0.0526,0.1673,0.3278,0.4425,0.5113,0.5011,0.2166,0.1447,0.8134,-0.7586,-0.5105,-0.4049,0.5069,0.8528,0.6467,-0.3627
6,Sawah,sawahfix,-8.18251,114.240353,-8.18250964370497,114.24035312624858,6,0.0522,0.0659,0.0774,0.1642,0.2858,0.3727,0.4248,0.4163,0.1322,0.1196,0.6918,-0.7314,-0.3347,-0.5253,0.4424,0.5799,0.52,-0.3895
7,Sawah,sawahfix,-7.19849,113.245775,-7.198489578820787,113.24577546302368,7,0.0414,0.1146,0.0604,0.161,0.3017,0.4023,0.4626,0.4533,0.1512,0.1216,0.769,-0.6029,-0.1377,-0.5073,0.4836,0.6639,0.5897,-0.4086
8,Sawah,sawahfix,-7.018067,113.86891,-7.018067089735457,113.86890969636688,8,0.0619,0.0711,0.0888,0.187,0.3246,0.4228,0.4818,0.4722,0.2139,0.1516,0.6887,-0.7428,-0.5011,-0.3851,0.4408,0.6337,0.5506,-0.2847
9,Sawah,sawahfix,-8.078493,111.834395,-8.078493326662153,111.83439454843815,9,0.0639,0.1153,0.0535,0.1359,0.2514,0.3338,0.3833,0.3756,0.1245,0.106,0.755,-0.5375,-0.0384,-0.5096,0.4765,0.673,0.5281,-0.4306
10,Sawah,sawahfix,-8.073173,111.827542,-8.073173416409153,111.82754180652113,10,0.0555,0.0763,0.0831,0.165,0.2796,0.3615,0.4106,0.4024,0.1481,0.1234,0.6634,-0.6866,-0.32,-0.4698,0.4267,0.5484,0.4944,-0.3369
11,Sawah,sawahfix,-8.072835,111.826609,-8.072835231059582,111.82660878281273,11,0.0456,0.1081,0.053,0.1692,0.3319,0.4481,0.5178,0.5074,0.1972,0.0959,0.8143,-0.6546,-0.2918,-0.4484,0.5074,0.7779,0.6511,-0.385
12,Sawah,sawahfix,-8.205487,113.12481,-8.205486907119848,113.12481049022904,12,0.0402,0.1089,0.0783,0.1772,0.3157,0.4146,0.4739,0.4644,0.1971,0.0859,0.7164,-0.6263,-0.2882,-0.4125,0.4557,0.6022,0.564,-0.3023
13,Sawah,sawahfix,-8.226857,113.165266,-8.226856521118126,113.16526633190948,13,0.0543,0.067,0.0845,0.1774,0.3074,0.4003,0.456,0.4469,0.1531,0.0851,0.6873,-0.7438,-0.3912,-0.4973,0.4398,0.597,0.5356,-0.3646
14,Sawah,sawahfix,-8.226601,113.167099,-8.22660083206158,113.16709874794223,14,0.0524,0.0795,0.0792,0.174,0.3067,0.4015,0.4584,0.4492,0.2087,0.1178,0.7054,-0.7044,-0.4483,-0.3743,0.4497,0.6153,0.5482,-0.2791
15,Sawah,sawahfix,-8.292303,113.973444,-8.292303477097917,113.97344394672612,15,0.0448,0.1028,0.0804,0.1716,0.2994,0.3906,0.4454,0.4365,0.1971,0.1195,0.6942,-0.625,-0.3144,-0.3865,0.4438,0.5733,0.5337,-0.2771
16,Sawah,sawahfix,-7.647096,111.043708,-7.647095811211666,111.0437081208032,16,0.0609,0.0857,0.051,0.1303,0.2414,0.3207,0.3683,0.3609,0.1231,0.1309,0.7567,-0.6225,-0.1791,-0.499,0.4773,0.6515,0.5177,-0.4228
17,Sawah,sawahfix,-7.640148,111.045325,-7.640147508914883,111.04532495447518,17,0.0526,0.0905,0.0863,0.1628,0.27,0.3465,0.3924,0.3846,0.161,0.1404,0.6394,-0.6252,-0.2803,-0.4181,0.4135,0.5049,0.4691,-0.2856
18,Sawah,sawahfix,-7.644444,111.043871,-7.644444266091448,111.04387087587918,18,0.0492,0.0646,0.0616,0.1406,0.2511,0.33,0.3774,0.3699,0.213,0.1446,0.7194,-0.7077,-0.5346,-0.2785,0.4571,0.5729,0.5045,-0.2168
19,Sawah,sawahfix,-7.961488,110.92069,-7.961488246100703,110.92069043449276,19,0.0653,0.1123,0.0821,0.157,0.2619,0.3368,0.3817,0.3741,0.2093,0.1231,0.646,-0.5453,-0.3016,-0.2917,0.4171,0.541,0.4663,-0.2107
20,Sawah,sawahfix,-8.139783,111.003429,-8.139783369227441,111.003429018412,20,0.0723,0.1138,0.0627,0.1392,0.2463,0.3228,0.3687,0.3613,0.1428,0.1142,0.7093,-0.5283,-0.113,-0.4416,0.4519,0.6361,0.4928,-0.3643
21,Sawah,sawahfix,-7.91194,110.945835,-7.911939845197058,110.9458354992746,21,0.0727,0.1116,0.0503,0.1469,0.2822,0.3788,0.4368,0.4281,0.1617,0.0978,0.7935,-0.593,-0.1833,-0.4596,0.4967,0.8097,0.5873,-0.4123
22,Sawah,sawahfix,-7.117192,111.805287,-7.117191967966854,111.8052874335037,22,0.0448,0.0803,0.0877,0.167,0.278,0.3573,0.4049,0.3968,0.1719,0.1362,0.6439,-0.669,-0.3632,-0.404,0.416,0.4971,0.4793,-0.268
23,Sawah,sawahfix,-7.112293,111.803332,-7.112293306947047,111.8033315478176,23,0.0545,0.1183,0.0885,0.1646,0.2711,0.3472,0.3928,0.3849,0.1697,0.1041,0.6322,-0.5371,-0.1785,-0.3966,0.4094,0.5021,0.4651,-0.268
24,Sawah,sawahfix,-7.116996,111.802897,-7.116995528005004,111.80289732728797,24,0.0514,0.0622,0.0744,0.1647,0.2911,0.3813,0.4355,0.4268,0.1251,0.1023,0.7082,-0.7501,-0.3358,-0.5537,0.4512,0.6033,0.5363,-0.4187
25,Sawah,sawahfix,-7.108795,112.239553,-7.108795090655075,112.23955321860092,25,0.0763,0.0744,0.0558,0.1502,0.2822,0.3766,0.4332,0.4245,0.2186,0.0994,0.7718,-0.7069,-0.4922,-0.3292,0.4851,0.789,0.5724,-0.2999
26,Sawah,sawahfix,-7.102284,112.240483,-7.102283841431015,112.2404831409093,26,0.0669,0.1057,0.0595,0.1631,0.3081,0.4117,0.4738,0.4643,0.1568,0.1306,0.7769,-0.6352,-0.1947,-0.5027,0.4878,0.7793,0.6014,-0.4285
27,Sawah,sawahfix,-7.140384,112.715421,-7.140384186545102,112.71542093268324,27,0.0653,0.0921,0.0536,0.1632,0.3166,0.4262,0.492,0.4822,0.1521,0.0949,0.8035,-0.6846,-0.2457,-0.5277,0.5018,0.8279,0.6289,-0.4608
28,Sawah,sawahfix,-7.141707,112.721775,-7.141706935561876,112.7217750425053,28,0.0416,0.0955,0.0771,0.146,0.2425,0.3114,0.3528,0.3457,0.1712,0.0981,0.6413,-0.5739,-0.2838,-0.3466,0.4146,0.4585,0.4447,-0.2273
29,Sawah,sawahfix,-7.13826,112.725008,-7.138260225532727,112.72500773508098,29,0.0658,0.0705,0.0776,0.1621,0.2805,0.365,0.4157,0.4074,0.2137,0.091,0.6854,-0.71,-0.5039,-0.3209,0.4389,0.6091,0.5106,-0.2461
30,Sawah,sawahfix,-7.140283,112.732836,-7.140283434376298,112.73283631031634,30,0.0536,0.0668,0.087,0.19,0.3343,0.4373,0.4991,0.4891,0.1458,0.1328,0.7031,-0.7639,-0.3716,-0.5478,0.4486,0.6363,0.5691,-0.4073
31,Sawah,sawahfix,-7.431526,112.608046,-7.4315262495249215,112.60804562858732,31,0.0727,0.0933,0.0712,0.1512,0.2631,0.3431,0.3911,0.3833,0.1293,0.1518,0.692,-0.6148,-0.1617,-0.5031,0.4424,0.6282,0.4986,-0.3964
32,Sawah,sawahfix,-7.426728,112.595449,-7.426728440255423,112.595448816848,32,0.076,0.098,0.0636,0.1501,0.2711,0.3575,0.4094,0.4012,0.1926,0.1518,0.7311,-0.6137,-0.3255,-0.3601,0.4634,0.708,0.5331,-0.3091
33,Sawah,sawahfix,-7.419895,112.605094,-7.4198953602038,112.60509397448344,33,0.0755,0.1068,0.0757,0.1478,0.2489,0.321,0.3643,0.357,0.1362,0.1519,0.6559,-0.5466,-0.121,-0.4557,0.4228,0.5762,0.4605,-0.3497
34,Sawah,sawahfix,-7.969358,112.695182,-7.969358409962042,112.69518203096726,34,0.0643,0.0606,0.0541,0.1563,0.2993,0.4015,0.4628,0.4535,0.1205,0.0929,0.7907,-0.7684,-0.3308,-0.5868,0.4951,0.7829,0.6029,-0.5024
35,Sawah,sawahfix,-7.981285,112.694865,-7.981284682089925,112.69486509171362,35,0.0619,0.1015,0.0761,0.1541,0.2633,0.3413,0.3881,0.3803,0.1912,0.099,0.6721,-0.5854,-0.3065,-0.3399,0.4316,0.565,0.4854,-0.2547
36,Sawah,sawahfix,-7.440191,112.320177,-7.440191277250421,112.32017742550782,36,0.053,0.1048,0.076,0.1806,0.327,0.4316,0.4944,0.4845,0.1858,0.1255,0.7335,-0.6502,-0.2787,-0.4537,0.4649,0.6736,0.5863,-0.3529
37,Sawah,sawahfix,-7.450615,112.366865,-7.450615286129946,112.36686476177351,37,0.0437,0.0821,0.0606,0.1433,0.2591,0.3419,0.3915,0.3837,0.2173,0.1114,0.7319,-0.6533,-0.4516,-0.2861,0.4641,0.5796,0.5213,-0.2206
38,Sawah,sawahfix,-7.448746,112.344637,-7.448745563962192,112.3446373467905,38,0.0757,0.0979,0.0818,0.1702,0.294,0.3824,0.4354,0.4267,0.1777,0.1194,0.6837,-0.6329,-0.2896,-0.4203,0.4379,0.6507,0.5214,-0.3265
39,Sawah,sawahfix,-7.385709,112.221605,-7.385709208619662,112.22160517048636,39,0.0478,0.1033,0.0612,0.1344,0.2369,0.3102,0.3541,0.347,0.1845,0.0942,0.7053,-0.5483,-0.2821,-0.3149,0.4497,0.5373,0.48,-0.2412
40,Sawah,sawahfix,-7.38627,112.226981,-7.386270487611318,112.22698145801694,40,0.0776,0.1172,0.0866,0.1682,0.2824,0.364,0.4129,0.4046,0.1215,0.1543,0.6533,-0.5578,-0.018,-0.5453,0.4211,0.604,0.4897,-0.4042
41,Sawah,sawahfix,-7.326174,112.385267,-7.326173665454569,112.385266867369,41,0.0571,0.118,0.0885,0.1901,0.3324,0.434,0.495,0.4851,0.1494,0.1108,0.6967,-0.615,-0.1174,-0.5363,0.445,0.6361,0.5628,-0.3977
42,Sawah,sawahfix,-7.319451,112.386206,-7.319450829250756,112.38620595310816,42,0.074,0.079,0.0568,0.1538,0.2895,0.3865,0.4447,0.4358,0.2136,0.1357,0.7735,-0.6983,-0.46,-0.3511,0.486,0.7881,0.581,-0.3147
43,Sawah,sawahfix,-7.319697,112.393214,-7.319696741017369,112.39321396393066,43,0.0628,0.0658,0.0746,0.1855,0.3408,0.4517,0.5183,0.5079,0.134,0.1215,0.7484,-0.7747,-0.3413,-0.5891,0.4729,0.742,0.609,-0.4717
44,Sawah,sawahfix,-7.327641,112.389102,-7.327640542137754,112.38910177357654,44,0.0751,0.1044,0.0779,0.1758,0.3128,0.4107,0.4694,0.46,0.1559,0.1035,0.7153,-0.6361,-0.1978,-0.5014,0.4551,0.7126,0.5607,-0.3992
45,Sawah,sawahfix,-7.210456,112.574553,-7.210456110552733,112.57455279229283,45,0.0724,0.1086,0.0847,0.1898,0.3371,0.4422,0.5053,0.4952,0.1711,0.1201,0.7129,-0.6462,-0.2235,-0.4941,0.4539,0.7151,0.5788,-0.3862
46,Sawah,sawahfix,-7.206292,112.549921,-7.206291821522495,112.54992110091156,46,0.0719,0.099,0.0781,0.1799,0.3224,0.4242,0.4853,0.4756,0.209,0.107,0.7228,-0.6611,-0.3571,-0.398,0.4591,0.7196,0.5744,-0.3199
47,Sawah,sawahfix,-7.207927,112.591868,-7.207927438725599,112.59186824633098,47,0.055,0.0656,0.0731,0.1438,0.2429,0.3137,0.3561,0.349,0.1666,0.1234,0.6594,-0.6889,-0.435,-0.3625,0.4247,0.5119,0.4568,-0.2634
48,Sawah,sawahfix,-7.193306,112.615616,-7.193306429007513,112.61561585663392,48,0.0515,0.0954,0.0512,0.1275,0.2343,0.3105,0.3563,0.3492,0.2023,0.1088,0.7487,-0.5776,-0.3591,-0.2757,0.4729,0.5972,0.5043,-0.2333
49,Sawah,sawahfix,-7.428608,112.818881,-7.428608212162199,112.81888085979244,49,0.0451,0.0913,0.0808,0.1573,0.2643,0.3408,0.3867,0.379,0.1823,0.0868,0.6543,-0.618,-0.3326,-0.3592,0.4217,0.4988,0.4743,-0.2428
50,Bangunan,Bangunanfix,-7.289855,112.674589,-7.289854764036816,112.67458902561782,50,0.1252,0.1984,0.2357,0.2441,0.2558,0.2642,0.2692,0.2638,0.3962,0.3761,0.0663,-0.1514,-0.3327,0.1909,0.0489,0.048,0.05,0.2314
51,Bangunan,Bangunanfix,-7.262473,112.739297,-7.262472594223896,112.73929745989864,51,0.1716,0.1755,0.2713,0.258,0.2393,0.2259,0.2179,0.2135,0.3502,0.2326,-0.1092,-0.1078,-0.3323,0.2329,-0.0843,-0.0856,-0.081,0.2295
52,Bangunan,Bangunanfix,-7.275646,112.782159,-7.275646347984254,112.7821586162743,52,0.1225,0.2459,0.277,0.2771,0.2772,0.2773,0.2774,0.2719,0.3454,0.2477,0.0007,-0.0602,-0.1683,0.1092,0.0005,0.0005,0.0006,0.2176
53,Bangunan,Bangunanfix,-7.262281,112.75082,-7.262280921425467,112.75081953520096,53,0.1356,0.1675,0.2369,0.2477,0.2628,0.2735,0.28,0.2744,0.3856,0.2648,0.0834,-0.2514,-0.3943,0.1587,0.0612,0.064,0.0636,0.1993
54,Bangunan,Bangunanfix,-7.268262,112.758719,-7.2682623902522545,112.75871908824618,54,0.2155,0.2212,0.2376,0.2446,0.2544,0.2614,0.2656,0.2603,0.3471,0.2596,0.0556,-0.0912,-0.2215,0.133,0.0412,0.0651,0.0419,0.0972
55,Bangunan,Bangunanfix,-7.379247,112.785025,-7.379246957662101,112.78502498189368,55,0.1556,0.2234,0.162,0.1706,0.1826,0.1912,0.1963,0.1924,0.2874,0.2265,0.0957,0.0646,-0.1253,0.1883,0.07,0.0856,0.0599,0.1217
56,Bangunan,Bangunanfix,-7.315451,112.735604,-7.315450963566503,112.73560436587262,56,0.2055,0.2174,0.2264,0.2182,0.2068,0.1986,0.1937,0.1898,0.3587,0.2958,-0.0778,0.0577,-0.2453,0.2987,-0.0595,-0.0809,-0.0533,0.1889
57,Bangunan,Bangunanfix,-7.166411,112.601866,-7.166411416333515,112.60186560394048,57,0.1373,0.1877,0.2158,0.2284,0.246,0.2586,0.2662,0.2609,0.3816,0.2272,0.1046,-0.1729,-0.3406,0.1781,0.0764,0.0823,0.077,0.1937
58,Bangunan,Bangunanfix,-7.159404,112.64323,-7.159404365267368,112.64323029473054,58,0.1575,0.2088,0.2304,0.2478,0.2721,0.2895,0.2999,0.2939,0.3854,0.2461,0.1311,-0.1791,-0.2972,0.1248,0.0951,0.1158,0.1012,0.1476
59,Bangunan,Bangunanfix,-7.168548,112.600911,-7.168548392711455,112.60091130358173,59,0.1271,0.2107,0.1637,0.1883,0.2227,0.2473,0.262,0.2568,0.4304,0.3121,0.2309,-0.1085,-0.3427,0.2432,0.1637,0.1904,0.1593,0.2085
60,Bangunan,Bangunanfix,-7.115671,112.410232,-7.115670627768976,112.41023153333973,60,0.1588,0.2108,0.2242,0.2322,0.2435,0.2516,0.2564,0.2513,0.4306,0.2818,0.067,-0.0976,-0.3427,0.2536,0.0495,0.0571,0.0493,0.2239
61,Bangunan,Bangunanfix,-7.6426,112.895799,-7.642600375643589,112.89579874889024,61,0.2161,0.2396,0.1874,0.188,0.1888,0.1894,0.1897,0.1859,0.2961,0.2229,0.0061,0.1162,-0.1055,0.219,0.0045,0.0083,0.0039,0.0874
62,Bangunan,Bangunanfix,-7.809762,112.004805,-7.809761640870424,112.00480504390694,62,0.1294,0.2151,0.17,0.1837,0.2028,0.2165,0.2247,0.2202,0.4152,0.2237,0.1386,-0.0218,-0.3175,0.2977,0.1004,0.1073,0.0917,0.246
63,Bangunan,Bangunanfix,-7.952739,112.61308,-7.952739134827436,112.6130797713754,63,0.2014,0.171,0.1765,0.2017,0.2371,0.2623,0.2775,0.272,0.3806,0.3604,0.2225,-0.2375,-0.38,0.1567,0.1582,0.3057,0.1588,0.0755
64,Bangunan,Bangunanfix,-7.302715,112.670531,-7.302714878896948,112.67053116314156,64,0.1935,0.2284,0.1995,0.2008,0.2027,0.204,0.2048,0.2007,0.4001,0.3491,0.0131,0.0545,-0.2732,0.3229,0.0099,0.0139,0.0088,0.2017
65,Bangunan,Bangunanfix,-7.283351,112.711991,-7.283350998388167,112.71199146893784,65,0.2191,0.1854,0.2121,0.2312,0.2581,0.2772,0.2887,0.2829,0.3345,0.3689,0.153,-0.2179,-0.2868,0.0735,0.1106,0.2086,0.1148,0.0368
66,Bangunan,Bangunanfix,-7.281747,112.735215,-7.2817467709832,112.73521464816358,66,0.2058,0.1872,0.2651,0.2702,0.2774,0.2825,0.2856,0.2799,0.2965,0.3644,0.0372,-0.2081,-0.226,0.0187,0.0277,0.0385,0.0293,0.0667
67,Bangunan,Bangunanfix,-7.285681,112.753301,-7.285681442975045,112.753301294289,67,0.1705,0.2309,0.2048,0.23,0.2652,0.2903,0.3054,0.2993,0.3423,0.2217,0.1972,-0.1389,-0.1943,0.057,0.1408,0.2003,0.1494,0.0696
68,Bangunan,Bangunanfix,-7.28065,112.796476,-7.280650202895413,112.79647565864968,68,0.2105,0.15,0.2047,0.2318,0.2697,0.2968,0.313,0.3067,0.4321,0.3118,0.2092,-0.3521,-0.4846,0.1598,0.149,0.2813,0.1596,0.0976
69,Bangunan,Bangunanfix,-7.242611,112.68761,-7.24261075040732,112.68760976227398,69,0.1832,0.1893,0.201,0.2072,0.216,0.2222,0.226,0.2215,0.3876,0.3404,0.0585,-0.0884,-0.3437,0.2634,0.0434,0.0591,0.0405,0.1798
70,Bangunan,Bangunanfix,-7.310055,112.737969,-7.310054826564331,112.73796916586336,70,0.1992,0.2269,0.1728,0.1919,0.2186,0.2377,0.2492,0.2442,0.2892,0.3079,0.181,-0.0468,-0.1207,0.0743,0.1299,0.2412,0.1243,0.0149
71,Bangunan,Bangunanfix,-7.315794,112.748614,-7.315793582210392,112.7486140156955,71,0.1642,0.2376,0.2091,0.2059,0.2015,0.1983,0.1964,0.1925,0.3029,0.3418,-0.0313,0.0949,-0.1208,0.2133,-0.0236,-0.026,-0.021,0.1735
72,Bangunan,Bangunanfix,-7.358913,112.76907,-7.358912955632945,112.76906963741136,72,0.1818,0.1511,0.1718,0.1984,0.2356,0.2622,0.2781,0.2725,0.2916,0.3515,0.2363,-0.2959,-0.3174,0.0237,0.1673,0.2811,0.1679,0.0038
73,Bangunan,Bangunanfix,-7.356312,112.724328,-7.356312128889461,112.7243282395215,73,0.1906,0.1489,0.1719,0.2085,0.2596,0.2962,0.3181,0.3117,0.3399,0.2793,0.2984,-0.3623,-0.3908,0.0331,0.2081,0.3973,0.2215,0.003
74,Bangunan,Bangunanfix,-7.339701,112.739632,-7.339700551504062,112.73963170709764,74,0.2013,0.2442,0.298,0.2949,0.2905,0.2874,0.2855,0.2798,0.3402,0.2334,-0.0214,-0.078,-0.1643,0.0874,-0.0162,-0.02,-0.0173,0.1346
75,Bangunan,Bangunanfix,-7.647376,111.5267,-7.647376371557451,111.52669950835208,75,0.1977,0.2014,0.2194,0.2413,0.2719,0.2938,0.3069,0.3008,0.2978,0.2988,0.1663,-0.2076,-0.1931,-0.015,0.1197,0.1918,0.1279,0.0123
76,Bangunan,Bangunanfix,-7.314725,112.72649,-7.314724852439969,112.7264904788078,76,0.1211,0.1916,0.1679,0.1751,0.1851,0.1923,0.1966,0.1927,0.2988,0.3239,0.0787,-0.0129,-0.2186,0.2063,0.0578,0.0554,0.0498,0.19
77,Bangunan,Bangunanfix,-7.308983,112.734493,-7.308982740053522,112.7344925752132,77,0.1946,0.2042,0.2947,0.2792,0.2574,0.2418,0.2325,0.2278,0.3257,0.359,-0.118,-0.0648,-0.2293,0.167,-0.0913,-0.1009,-0.0908,0.1845
78,Bangunan,Bangunanfix,-7.306926,112.734071,-7.306925501874799,112.73407089966231,78,0.1424,0.246,0.1617,0.2002,0.2542,0.2927,0.3158,0.3095,0.2869,0.3626,0.3227,-0.1242,-0.0767,-0.048,0.224,0.3163,0.2365,-0.0106
79,Bangunan,Bangunanfix,-7.305445,112.735181,-7.305445318705352,112.73518064740058,79,0.1728,0.2492,0.1703,0.1921,0.2226,0.2444,0.2575,0.2524,0.4351,0.3037,0.2038,-0.0164,-0.2717,0.2564,0.1455,0.2217,0.141,0.1691
80,Bangunan,Bangunanfix,-7.298821,112.766866,-7.29882089574023,112.7668657497963,80,0.1829,0.2165,0.2236,0.2347,0.2502,0.2613,0.2679,0.2625,0.3735,0.3642,0.0901,-0.1061,-0.2661,0.1646,0.0661,0.0895,0.067,0.1396
81,Bangunan,Bangunanfix,-7.301182,112.767294,-7.301182237944485,112.76729408296956,81,0.1245,0.1709,0.2931,0.296,0.3,0.3029,0.3046,0.2985,0.3529,0.3192,0.0192,-0.2812,-0.3475,0.0735,0.0143,0.0135,0.0157,0.2017
82,Bangunan,Bangunanfix,-7.296614,112.763233,-7.296614053770288,112.76323283615164,82,0.1477,0.1607,0.2249,0.226,0.2277,0.2288,0.2295,0.2249,0.3734,0.2324,0.0101,-0.1763,-0.3982,0.2387,0.0077,0.0078,0.0072,0.2267
83,Bangunan,Bangunanfix,-7.297397,112.750483,-7.297396568654792,112.75048254809064,83,0.2174,0.2485,0.2577,0.257,0.2561,0.2555,0.2551,0.25,0.3295,0.3502,-0.0051,-0.0131,-0.1401,0.1273,-0.0037,-0.0056,-0.0039,0.1082
84,Bangunan,Bangunanfix,-7.275006,112.759223,-7.275006184892181,112.7592228830254,84,0.1885,0.1579,0.2875,0.2894,0.2921,0.294,0.2952,0.2893,0.432,0.3361,0.0132,-0.303,-0.4647,0.1881,0.0099,0.012,0.0107,0.196
85,Bangunan,Bangunanfix,-7.975738,112.663489,-7.975738346829305,112.66348900673022,85,0.1813,0.186,0.2906,0.2932,0.297,0.2996,0.3012,0.2952,0.2872,0.2242,0.0179,-0.2365,-0.2139,-0.0238,0.0135,0.0157,0.0146,0.0899
86,Bangunan,Bangunanfix,-7.960454,112.628638,-7.960453737754735,112.62863849603556,86,0.1576,0.2292,0.2982,0.2739,0.2399,0.2157,0.2011,0.1971,0.3751,0.2809,-0.1945,0.0653,-0.2414,0.302,-0.1533,-0.1342,-0.1458,0.3048
87,Bangunan,Bangunanfix,-7.959048,112.623818,-7.959048299960439,112.6238179617514,87,0.217,0.2326,0.2774,0.2694,0.2583,0.2504,0.2456,0.2407,0.3464,0.2637,-0.0608,-0.0272,-0.1965,0.1703,-0.0462,-0.062,-0.0466,0.1484
88,Bangunan,Bangunanfix,-8.195281,113.654391,-8.195280572374307,113.65439066188864,88,0.1256,0.2351,0.2738,0.2854,0.3015,0.3131,0.32,0.3136,0.4395,0.3089,0.0778,-0.1529,-0.303,0.1573,0.0572,0.0572,0.0634,0.231
89,Bangunan,Bangunanfix,-7.127885,112.723738,-7.127884596094532,112.72373822956304,89,0.1969,0.2439,0.279,0.2629,0.2404,0.2243,0.2146,0.2103,0.3521,0.2407,-0.1305,0.0639,-0.1815,0.2426,-0.1012,-0.114,-0.0972,0.2106
90,Bangunan,Bangunanfix,-7.630576,112.916715,-7.630576031274465,112.91671502372978,90,0.2154,0.2067,0.192,0.2125,0.2412,0.2617,0.274,0.2685,0.3789,0.2773,0.176,-0.14,-0.2941,0.1607,0.1264,0.2529,0.1273,0.0769
91,Bangunan,Bangunanfix,-7.634871,112.912582,-7.634871334259874,112.91258155411518,91,0.1314,0.2139,0.2328,0.2466,0.266,0.2798,0.2881,0.2823,0.3632,0.3563,0.1062,-0.1478,-0.2587,0.1153,0.0776,0.0814,0.0813,0.1738
92,Bangunan,Bangunanfix,-7.638933,112.914852,-7.638933167247699,112.91485183264857,92,0.1752,0.2017,0.2827,0.2712,0.255,0.2434,0.2365,0.2318,0.3014,0.2246,-0.089,-0.0794,-0.1982,0.1207,-0.0683,-0.0714,-0.068,0.1731
93,Bangunan,Bangunanfix,-7.636655,112.917812,-7.636654501363313,112.91781246070764,93,0.1955,0.2082,0.2586,0.2464,0.2293,0.2171,0.2098,0.2056,0.3018,0.2223,-0.1042,-0.0038,-0.1835,0.1798,-0.0802,-0.0942,-0.0756,0.1606
94,Bangunan,Bangunanfix,-7.724415,113.01653,-7.724415410881561,113.01652968851818,94,0.1551,0.2049,0.2149,0.2215,0.2307,0.2373,0.2412,0.2364,0.4247,0.2757,0.0577,-0.0814,-0.3491,0.2756,0.0426,0.0481,0.0413,0.2349
95,Bangunan,Bangunanfix,-8.068133,111.90273,-8.068132920239686,111.90273046488916,95,0.1714,0.2262,0.2155,0.2284,0.2465,0.2594,0.2671,0.2618,0.418,0.3719,0.1069,-0.0829,-0.2977,0.2203,0.0781,0.1012,0.0788,0.1819
96,Bangunan,Bangunanfix,-8.068481,111.908698,-8.068480523571115,111.90869824313329,96,0.1347,0.2419,0.2289,0.2257,0.2213,0.2181,0.2162,0.2119,0.3535,0.3768,-0.0285,0.0561,-0.1874,0.241,-0.0215,-0.0201,-0.0202,0.248
97,Bangunan,Bangunanfix,-8.059041,111.902002,-8.059041050454075,111.90200184585971,97,0.1693,0.1762,0.2487,0.2399,0.2276,0.2189,0.2136,0.2093,0.2921,0.2406,-0.0759,-0.0959,-0.2475,0.1552,-0.058,-0.0611,-0.0547,0.1709
98,Bangunan,Bangunanfix,-8.056258,111.891622,-8.056257913924522,111.89162221733072,98,0.1328,0.1567,0.1794,0.202,0.2336,0.2562,0.2697,0.2643,0.3091,0.2753,0.2011,-0.265,-0.3272,0.0681,0.1435,0.1672,0.1427,0.0965
99,Bangunan,Bangunanfix,-8.054701,111.864257,-8.054700634002476,111.86425661824734,99,0.2097,0.1921,0.2535,0.2411,0.2239,0.2115,0.2041,0.2,0.3108,0.2265,-0.108,-0.0303,-0.236,0.2072,-0.0831,-0.1072,-0.0774,0.1539
100,Mangrove,mangrovefix,-7.627248,112.905968,-7.627247600830766,112.9059676126849,100,0.0304,0.0492,0.0156,0.1688,0.3833,0.5366,0.6285,0.6159,0.0704,0.0439,0.9516,-0.8548,-0.1773,-0.7985,0.5766,1.0255,0.8036,-0.7691
101,Mangrove,mangrovefix,-7.626646,112.904227,-7.62664564747652,112.9042268690872,101,0.0316,0.0513,0.029,0.2032,0.4471,0.6214,0.7259,0.7114,0.105,0.0631,0.9232,-0.868,-0.3436,-0.7473,0.5626,1.0477,0.833,-0.6994
102,Mangrove,mangrovefix,-7.62603,112.902955,-7.626030045259783,112.9029549959146,102,0.0391,0.0307,0.0195,0.1526,0.3388,0.4719,0.5517,0.5407,0.0918,0.0739,0.9317,-0.8946,-0.4988,-0.7147,0.5667,0.9673,0.7452,-0.683
103,Mangrove,mangrovefix,-7.618337,112.891285,-7.618336791962639,112.89128453254948,103,0.0249,0.0671,0.0164,0.2035,0.4655,0.6526,0.7649,0.7496,0.0681,0.0261,0.958,-0.8387,-0.0074,-0.8365,0.5797,1.1161,0.8763,-0.8067
104,Mangrove,mangrovefix,-7.618815,112.892441,-7.61881526379987,112.89244082957728,104,0.0297,0.0403,0.0216,0.1714,0.3811,0.5308,0.6207,0.6083,0.1042,0.0523,0.9327,-0.8781,-0.4422,-0.7125,0.5672,0.9805,0.7867,-0.6759
105,Mangrove,mangrovefix,-7.617073,112.890305,-7.617073408440058,112.890304735322,105,0.0262,0.0544,0.0315,0.1768,0.3802,0.5255,0.6127,0.6004,0.0731,0.0273,0.9022,-0.8369,-0.1467,-0.7868,0.5521,0.9052,0.7619,-0.7186
106,Mangrove,mangrovefix,-7.615981,112.888345,-7.615980743623303,112.88834524850412,106,0.0236,0.0572,0.0192,0.1821,0.4102,0.5731,0.6708,0.6574,0.0967,0.0264,0.9443,-0.8429,-0.2567,-0.748,0.573,1.0124,0.8213,-0.7139
107,Mangrove,mangrovefix,-7.616516,112.888426,-7.616515791326811,112.88842620254592,107,0.0313,0.0403,0.0371,0.1931,0.4116,0.5676,0.6612,0.648,0.1045,0.053,0.8937,-0.8851,-0.4434,-0.727,0.5479,0.9462,0.7812,-0.6605
108,Mangrove,mangrovefix,-7.139852,114.497307,-7.139852184651423,114.49730667862924,108,0.0209,0.0553,0.0369,0.1998,0.4278,0.5907,0.6884,0.6746,0.1055,0.0731,0.8982,-0.8513,-0.3122,-0.7342,0.5501,0.9291,0.7976,-0.6656
109,Mangrove,mangrovefix,-6.967281,114.435107,-6.9672813477212685,114.43510729596343,109,0.0246,0.0385,0.0291,0.183,0.3983,0.5522,0.6445,0.6316,0.1072,0.074,0.9136,-0.8873,-0.4715,-0.7148,0.5577,0.9412,0.7866,-0.6615
110,Mangrove,mangrovefix,-6.97628,115.290598,-6.9762801710048405,115.29059793813872,110,0.0271,0.0395,0.033,0.178,0.3811,0.5262,0.6132,0.6009,0.1058,0.0454,0.8979,-0.879,-0.4563,-0.7057,0.5501,0.9021,0.7593,-0.6437
111,Mangrove,mangrovefix,-6.977024,115.293503,-6.977023637459066,115.29350311191122,111,0.0334,0.0338,0.0293,0.1854,0.4041,0.5602,0.6539,0.6408,0.0869,0.0301,0.9142,-0.9017,-0.4399,-0.7654,0.5582,0.9888,0.7918,-0.7108
112,Mangrove,mangrovefix,-6.967535,115.323808,-6.967535290348569,115.32380757709616,112,0.0347,0.0645,0.02,0.158,0.3512,0.4892,0.572,0.5606,0.0419,0.0585,0.9324,-0.7973,0.2124,-0.8635,0.5671,0.9639,0.7582,-0.8148
113,Mangrove,mangrovefix,-6.919108,115.329371,-6.919107788648007,115.32937101874838,113,0.0321,0.0519,0.0203,0.1752,0.3921,0.547,0.6399,0.6271,0.0876,0.0498,0.9385,-0.85,-0.2559,-0.7592,0.5701,1.0184,0.8011,-0.7233
114,Mangrove,mangrovefix,-6.917463,115.346262,-6.917463324293474,115.3462617816938,114,0.0398,0.0355,0.031,0.184,0.3982,0.5512,0.643,0.6301,0.0743,0.0631,0.908,-0.8954,-0.3534,-0.7928,0.555,0.9997,0.7819,-0.7328
115,Mangrove,mangrovefix,-6.829328,115.274567,-6.82932778390061,115.27456741191854,115,0.0338,0.0697,0.018,0.157,0.3515,0.4905,0.5739,0.5624,0.0979,0.0547,0.9392,-0.7834,-0.1683,-0.7085,0.5704,0.9729,0.7637,-0.6797
116,Mangrove,mangrovefix,-7.196845,112.762657,-7.196844873926645,112.76265739558944,116,0.0255,0.0332,0.017,0.2017,0.4602,0.6449,0.7557,0.7406,0.0553,0.0394,0.956,-0.9158,-0.2497,-0.8636,0.5787,1.1082,0.8706,-0.8306
117,Mangrove,mangrovefix,-7.203368,112.773784,-7.203367967956904,112.7737837032756,117,0.0245,0.0442,0.0166,0.1798,0.4083,0.5715,0.6694,0.656,0.0454,0.068,0.9516,-0.8761,-0.0134,-0.873,0.5765,1.0295,0.8256,-0.836
118,Mangrove,mangrovefix,-7.200731,112.767656,-7.200730654059801,112.7676564402784,118,0.0247,0.0516,0.0352,0.2013,0.4339,0.6,0.6997,0.6857,0.0826,0.0395,0.9042,-0.8626,-0.231,-0.7888,0.5532,0.9627,0.8072,-0.7203
119,Mangrove,mangrovefix,-7.198922,112.768168,-7.198921949656735,112.76816821319008,119,0.0267,0.0568,0.0379,0.204,0.4365,0.6026,0.7022,0.6882,0.0846,0.0638,0.8976,-0.8503,-0.1966,-0.785,0.5498,0.9603,0.8035,-0.7122
120,Mangrove,mangrovefix,-7.200414,112.770164,-7.200413512396821,112.7701635277483,120,0.0293,0.0324,0.0279,0.2135,0.4733,0.6589,0.7703,0.7549,0.054,0.0614,0.9301,-0.9193,-0.25,-0.869,0.566,1.0804,0.8578,-0.8142
121,Mangrove,mangrovefix,-7.200633,112.7695,-7.200632881377234,112.7695000074402,121,0.024,0.0514,0.0172,0.1763,0.399,0.5581,0.6536,0.6405,0.1005,0.0409,0.9487,-0.8542,-0.3232,-0.7335,0.5751,1.009,0.8153,-0.704
122,Mangrove,mangrovefix,-7.202117,112.772231,-7.202116580475633,112.77223065419228,122,0.0333,0.0618,0.0363,0.1782,0.3769,0.5188,0.604,0.5919,0.0719,0.0291,0.8866,-0.8144,-0.0755,-0.7872,0.5444,0.9028,0.7468,-0.7097
123,Mangrove,mangrovefix,-7.203388,112.771985,-7.203388201404125,112.77198464857028,123,0.0398,0.0671,0.0274,0.2065,0.4572,0.6363,0.7437,0.7288,0.0817,0.0574,0.9289,-0.8345,-0.0981,-0.802,0.5654,1.1125,0.8453,-0.7555
124,Mangrove,mangrovefix,-7.206489,112.774229,-7.206489161926061,112.77422893110064,124,0.0218,0.0602,0.0179,0.1984,0.4512,0.6317,0.74,0.7252,0.1026,0.0625,0.9528,-0.8495,-0.2604,-0.7565,0.5772,1.0721,0.8611,-0.7269
125,Mangrove,mangrovefix,-7.207988,112.776237,-7.207987891933571,112.7762373635384,125,0.0207,0.0421,0.0211,0.174,0.3881,0.541,0.6328,0.6201,0.047,0.0762,0.9355,-0.8752,-0.055,-0.8617,0.5687,0.9533,0.7952,-0.8113
126,Mangrove,mangrovefix,-7.21147,112.780985,-7.211469811448722,112.7809848047562,126,0.0311,0.0422,0.0241,0.1813,0.4014,0.5586,0.6529,0.6398,0.088,0.0509,0.9288,-0.8786,-0.3518,-0.7625,0.5653,1.005,0.8014,-0.7184
127,Mangrove,mangrovefix,-7.250902,112.808015,-7.2509022691948894,112.80801497901788,127,0.0384,0.0499,0.0378,0.2148,0.4626,0.6396,0.7458,0.7309,0.0567,0.0758,0.9035,-0.8746,-0.0638,-0.8587,0.5528,1.0507,0.8274,-0.7849
128,Mangrove,mangrovefix,-7.22221,113.260138,-7.222210123566946,113.26013849749992,128,0.0223,0.0627,0.0238,0.2058,0.4607,0.6427,0.7519,0.7369,0.1094,0.0684,0.9386,-0.8461,-0.2714,-0.746,0.5702,1.0537,0.8561,-0.7064
129,Mangrove,mangrovefix,-7.217593,113.2724,-7.217592617687827,113.2723999237623,129,0.0358,0.0422,0.0169,0.1734,0.3924,0.5488,0.6427,0.6298,0.0539,0.0617,0.9488,-0.8768,-0.1217,-0.8452,0.5751,1.0602,0.8095,-0.811
130,Mangrove,mangrovefix,-7.217088,113.299707,-7.217088088332571,113.2997065340874,130,0.0269,0.069,0.0297,0.2071,0.4554,0.6328,0.7392,0.7244,0.0506,0.0717,0.9227,-0.8293,0.1538,-0.8719,0.5623,1.0339,0.8387,-0.8103
131,Mangrove,mangrovefix,-7.735127,113.213524,-7.735127461759244,113.21352358487027,131,0.0385,0.0495,0.0289,0.2032,0.4471,0.6214,0.7259,0.7114,0.054,0.0502,0.9234,-0.8723,-0.0435,-0.8615,0.5626,1.0819,0.8332,-0.8043
132,Mangrove,mangrovefix,-8.438578,113.585816,-8.43857827889939,113.58581564411163,132,0.028,0.0359,0.0235,0.159,0.3488,0.4844,0.5657,0.5544,0.0421,0.0281,0.9202,-0.8807,-0.0795,-0.8615,0.5612,0.9057,0.7467,-0.801
133,Mangrove,mangrovefix,-8.438712,113.584874,-8.438712355290964,113.58487437106676,133,0.0393,0.052,0.0372,0.1903,0.4046,0.5577,0.6495,0.6365,0.0649,0.0504,0.8917,-0.8517,-0.1104,-0.8183,0.5468,0.9701,0.774,-0.7418
134,Mangrove,mangrovefix,-8.439154,113.589138,-8.439154458287,113.58913796197628,134,0.0288,0.0342,0.0297,0.1722,0.3717,0.5142,0.5997,0.5877,0.0896,0.059,0.9056,-0.8921,-0.4475,-0.74,0.5538,0.9124,0.757,-0.6809
135,Mangrove,mangrovefix,-8.42277,113.562015,-8.422769950379436,113.56201472190136,135,0.023,0.0325,0.033,0.1887,0.4067,0.5624,0.6558,0.6427,0.0447,0.0797,0.9042,-0.9056,-0.158,-0.8724,0.5531,0.9261,0.7858,-0.7946
136,Mangrove,mangrovefix,-8.437835,112.67272,-8.43783525166918,112.67271965077424,136,0.0212,0.0578,0.0376,0.1794,0.378,0.5199,0.605,0.5929,0.0514,0.0273,0.883,-0.8256,0.0586,-0.8434,0.5426,0.8486,0.7449,-0.7511
137,Mangrove,mangrovefix,-8.437043,112.675244,-8.437042687850141,112.67524394907812,137,0.0261,0.034,0.0309,0.1642,0.3509,0.4843,0.5643,0.553,0.0808,0.0798,0.8962,-0.8863,-0.4077,-0.7495,0.5492,0.8581,0.7306,-0.6818
138,Mangrove,mangrovefix,-8.436433,112.676032,-8.43643312716759,112.67603192847288,138,0.0363,0.0546,0.022,0.1899,0.4249,0.5928,0.6935,0.6796,0.0822,0.0456,0.9385,-0.854,-0.2018,-0.7881,0.5701,1.0808,0.8287,-0.7501
139,Mangrove,mangrovefix,-8.215591,114.373302,-8.215591492006025,114.37330194282774,139,0.0226,0.0655,0.0253,0.1677,0.367,0.5094,0.5948,0.5829,0.0694,0.0448,0.9184,-0.8016,-0.0289,-0.791,0.5601,0.9028,0.7627,-0.734
140,Mangrove,mangrovefix,-7.248091,112.803214,-7.248090962624581,112.80321434060076,140,0.0366,0.0593,0.0327,0.1626,0.3446,0.4745,0.5525,0.5414,0.0733,0.0489,0.8882,-0.8061,-0.1056,-0.7657,0.5452,0.8815,0.7185,-0.695
141,Mangrove,mangrovefix,-7.259308,112.826661,-7.259308317682413,112.82666113185176,141,0.0204,0.0404,0.0325,0.1698,0.3619,0.4992,0.5815,0.5699,0.0828,0.0329,0.8941,-0.8701,-0.3442,-0.7507,0.548,0.8454,0.7392,-0.6785
142,Mangrove,mangrovefix,-7.26429,112.833046,-7.26429020556955,112.83304583402924,142,0.0202,0.0396,0.0374,0.2116,0.4556,0.6298,0.7344,0.7197,0.1168,0.0493,0.9031,-0.8977,-0.4936,-0.7256,0.5526,0.9641,0.8221,-0.6607
143,Mangrove,mangrovefix,-7.308361,112.837591,-7.308360768727673,112.83759112123045,143,0.0222,0.0519,0.0255,0.2052,0.4567,0.6364,0.7442,0.7293,0.0478,0.0493,0.9337,-0.8696,0.0411,-0.8793,0.5677,1.0382,0.8491,-0.8254
144,Mangrove,mangrovefix,-7.325387,112.833782,-7.325387342897647,112.83378196223212,144,0.023,0.043,0.032,0.1889,0.4085,0.5654,0.6595,0.6463,0.0701,0.0437,0.9074,-0.8776,-0.2396,-0.8078,0.5547,0.9343,0.79,-0.7397
145,Mangrove,mangrovefix,-7.36952,112.834846,-7.369519671552345,112.83484563857138,145,0.0292,0.0614,0.0355,0.219,0.476,0.6596,0.7697,0.7543,0.103,0.0389,0.9118,-0.8522,-0.253,-0.764,0.557,1.0407,0.8438,-0.7045
146,Mangrove,mangrovefix,-7.03504,112.68098,-7.035040326684727,112.68097961717142,146,0.0338,0.0475,0.0209,0.2015,0.4544,0.635,0.7434,0.7285,0.0431,0.0741,0.9453,-0.8799,0.0486,-0.8904,0.5735,1.1182,0.8572,-0.8478
147,Mangrove,mangrovefix,-7.570936,112.876809,-7.570935601729398,112.87680928218973,147,0.0292,0.0555,0.0302,0.2116,0.4656,0.647,0.7559,0.7408,0.0909,0.0568,0.9232,-0.8632,-0.2418,-0.7853,0.5626,1.056,0.8464,-0.7327
148,Mangrove,mangrovefix,-7.03784,112.680351,-7.037840445444121,112.68035052526096,148,0.0213,0.0507,0.0185,0.1938,0.4392,0.6144,0.7196,0.7052,0.081,0.0608,0.9499,-0.8684,-0.2301,-0.7977,0.5757,1.049,0.8494,-0.7632
149,Mangrove,mangrovefix,-8.596599,114.234303,-8.596599202332214,114.23430250798565,149,0.0208,0.0334,0.0315,0.1653,0.3526,0.4863,0.5666,0.5553,0.0457,0.0207,0.8947,-0.8887,-0.1555,-0.8507,0.5483,0.8363,0.7309,-0.7677
150,Lahan Hijau,Lahanhijaufix,-8.251907,110.997764,-8.25190653691166,110.9977638501124,150,0.0262,0.0411,0.0254,0.1682,0.3681,0.5109,0.5966,0.5847,0.1337,0.1125,0.9183,-0.8711,-0.5297,-0.6338,0.5601,0.9198,0.7636,-0.593
151,Lahan Hijau,Lahanhijaufix,-8.220156,111.042964,-8.220155749412145,111.04296392099286,151,0.0445,0.0537,0.0278,0.1598,0.3447,0.4767,0.5559,0.5448,0.1472,0.0688,0.9047,-0.8238,-0.4654,-0.5813,0.5534,0.9505,0.731,-0.5486
152,Lahan Hijau,Lahanhijaufix,-8.223984,111.098436,-8.22398400636041,111.09843613407146,152,0.0387,0.0564,0.0366,0.1693,0.355,0.4876,0.5672,0.5559,0.1236,0.1164,0.8788,-0.8191,-0.3733,-0.6422,0.5403,0.8864,0.7211,-0.5818
153,Lahan Hijau,Lahanhijaufix,-8.202474,111.083524,-8.202473596946046,111.08352449408817,153,0.0429,0.0456,0.0461,0.179,0.3649,0.4978,0.5775,0.5659,0.1716,0.106,0.8521,-0.8536,-0.5801,-0.5419,0.5268,0.867,0.7094,-0.4805
154,Lahan Hijau,Lahanhijaufix,-8.205874,111.092578,-8.20587413622046,111.09257817868168,154,0.0328,0.0409,0.0281,0.1682,0.3642,0.5043,0.5883,0.5765,0.1507,0.0681,0.9088,-0.87,-0.5731,-0.5922,0.5553,0.9269,0.7527,-0.5529
155,Lahan Hijau,Lahanhijaufix,-8.353221,111.679169,-8.353220978940485,111.67916931409192,155,0.0242,0.0734,0.0495,0.1834,0.3709,0.5048,0.5851,0.5734,0.1137,0.0691,0.844,-0.7771,-0.2154,-0.6746,0.5227,0.7874,0.7081,-0.5775
156,Lahan Hijau,Lahanhijaufix,-8.211237,111.903959,-8.211236954711566,111.90395905800986,156,0.0206,0.0766,0.0235,0.1665,0.3666,0.5095,0.5953,0.5834,0.1219,0.0888,0.924,-0.772,-0.2282,-0.6601,0.5629,0.9037,0.7666,-0.618
157,Lahan Hijau,Lahanhijaufix,-8.190942,111.939428,-8.190941862892622,111.9394281167758,157,0.0395,0.0732,0.0262,0.1402,0.2998,0.4138,0.4822,0.4726,0.111,0.113,0.8969,-0.7364,-0.2052,-0.6258,0.5495,0.8488,0.6783,-0.5835
158,Lahan Hijau,Lahanhijaufix,-8.178352,112.057301,-8.178352467669686,112.0573010358844,158,0.0462,0.0639,0.038,0.1818,0.383,0.5268,0.613,0.6007,0.114,0.114,0.8833,-0.8112,-0.2816,-0.6864,0.5425,0.9619,0.7493,-0.6252
159,Lahan Hijau,Lahanhijaufix,-8.276926,111.949943,-8.27692621246427,111.94994269007812,159,0.0326,0.0553,0.0356,0.1491,0.3079,0.4213,0.4894,0.4796,0.1133,0.1017,0.8644,-0.797,-0.344,-0.624,0.533,0.7779,0.6641,-0.5561
160,Lahan Hijau,Lahanhijaufix,-8.395522,112.744722,-8.395521757685579,112.7447216429951,160,0.0225,0.0641,0.0274,0.16,0.3457,0.4783,0.5579,0.5467,0.1231,0.0749,0.9064,-0.7939,-0.3152,-0.6385,0.5543,0.8537,0.7332,-0.5882
161,Lahan Hijau,Lahanhijaufix,-8.403794,112.683989,-8.40379358807868,112.68398924691112,161,0.0416,0.0519,0.037,0.1716,0.3599,0.4945,0.5752,0.5637,0.1531,0.1156,0.8791,-0.8345,-0.4937,-0.5796,0.5404,0.9059,0.7259,-0.5288
162,Lahan Hijau,Lahanhijaufix,-8.4328,112.649627,-8.432800269964433,112.6496268171281,162,0.042,0.0486,0.0209,0.1488,0.3279,0.4558,0.5325,0.5218,0.1476,0.0536,0.9245,-0.8327,-0.5046,-0.5659,0.5632,0.9524,0.7285,-0.5464
163,Lahan Hijau,Lahanhijaufix,-8.436788,112.668677,-8.436787697948068,112.66867689500508,163,0.0349,0.0639,0.03,0.181,0.3925,0.5436,0.6342,0.6215,0.1085,0.0553,0.9097,-0.8169,-0.2587,-0.7078,0.5559,0.973,0.7785,-0.657
164,Lahan Hijau,Lahanhijaufix,-8.41593,112.713283,-8.415930027189777,112.71328276702724,164,0.0418,0.0598,0.0407,0.1723,0.3565,0.4881,0.567,0.5557,0.1197,0.1073,0.8661,-0.8092,-0.3337,-0.6514,0.5339,0.8785,0.7127,-0.5829
165,Lahan Hijau,Lahanhijaufix,-8.135219,113.224441,-8.13521924044494,113.224441096784,165,0.044,0.0678,0.0282,0.1706,0.3701,0.5125,0.598,0.586,0.1289,0.0564,0.9099,-0.7963,-0.3106,-0.6453,0.5561,0.9912,0.7589,-0.6068
166,Lahan Hijau,Lahanhijaufix,-8.126739,113.236435,-8.126739407302654,113.23643469473808,166,0.0475,0.0455,0.0485,0.1787,0.3609,0.4911,0.5692,0.5578,0.1148,0.0879,0.843,-0.852,-0.4323,-0.6643,0.5221,0.8656,0.6988,-0.5813
167,Lahan Hijau,Lahanhijaufix,-8.115172,113.228283,-8.115172074490587,113.22828256967549,167,0.0462,0.0693,0.0442,0.1861,0.3848,0.5267,0.6118,0.5996,0.1554,0.1094,0.8652,-0.7965,-0.3832,-0.5949,0.5335,0.9271,0.7365,-0.5345
168,Lahan Hijau,Lahanhijaufix,-8.106241,113.213302,-8.106241431772165,113.21330166316775,168,0.0275,0.0596,0.0266,0.1893,0.4171,0.5799,0.6775,0.6639,0.1755,0.0528,0.9244,-0.8383,-0.493,-0.5885,0.5632,0.9978,0.8109,-0.5544
169,Lahan Hijau,Lahanhijaufix,-7.979754,113.218984,-7.979753555843965,113.2189842992946,169,0.0412,0.077,0.0254,0.1674,0.3663,0.5084,0.5936,0.5817,0.1732,0.0524,0.9179,-0.7704,-0.3845,-0.5483,0.5601,0.9885,0.7617,-0.5234
170,Lahan Hijau,Lahanhijaufix,-8.582393,113.994925,-8.582393178269509,113.99492474801748,170,0.0409,0.0519,0.0477,0.2043,0.4236,0.5802,0.6742,0.6607,0.1755,0.0832,0.8678,-0.857,-0.5435,-0.5869,0.5349,0.9471,0.7691,-0.5242
171,Lahan Hijau,Lahanhijaufix,-8.605112,114.026112,-8.605111722582635,114.02611217359164,171,0.0459,0.0738,0.0296,0.1836,0.3993,0.5534,0.6458,0.6329,0.103,0.0917,0.9123,-0.7949,-0.1652,-0.7249,0.5573,1.0415,0.7864,-0.6783
172,Lahan Hijau,Lahanhijaufix,-8.336946,113.994158,-8.336945779153693,113.99415820304858,172,0.0269,0.0448,0.0223,0.1715,0.3805,0.5297,0.6193,0.6069,0.1272,0.1007,0.9305,-0.8651,-0.4791,-0.6592,0.5663,0.9621,0.7844,-0.6242
173,Lahan Hijau,Lahanhijaufix,-8.559824,113.977489,-8.559824333190143,113.97748859742693,173,0.022,0.0526,0.0362,0.1867,0.3973,0.5478,0.6381,0.6253,0.1255,0.0938,0.8926,-0.8477,-0.4093,-0.6713,0.5473,0.8902,0.7688,-0.6065
174,Lahan Hijau,Lahanhijaufix,-8.395378,114.045278,-8.395377533505417,114.04527807687566,174,0.0466,0.0646,0.027,0.1415,0.3017,0.4162,0.4849,0.4752,0.1696,0.0515,0.8945,-0.7649,-0.4483,-0.4817,0.5482,0.8823,0.6788,-0.46
175,Lahan Hijau,Lahanhijaufix,-7.82077,111.344555,-7.820769761484724,111.34455483667668,175,0.0462,0.0612,0.0482,0.1961,0.4032,0.5511,0.6398,0.627,0.1798,0.0745,0.8599,-0.8254,-0.4921,-0.5612,0.5308,0.9346,0.747,-0.5011
176,Lahan Hijau,Lahanhijaufix,-7.757803,111.286109,-7.757803147139961,111.28610926174818,176,0.043,0.0561,0.0344,0.1772,0.3771,0.5198,0.6055,0.5934,0.1699,0.1189,0.8925,-0.8304,-0.5035,-0.5618,0.5472,0.9586,0.7515,-0.5209
177,Lahan Hijau,Lahanhijaufix,-7.791962,111.56416,-7.791961806768303,111.56416019560208,177,0.043,0.0567,0.0326,0.1813,0.3895,0.5383,0.6275,0.6149,0.1191,0.0577,0.9012,-0.8343,-0.3549,-0.681,0.5517,0.9911,0.7692,-0.631
178,Lahan Hijau,Lahanhijaufix,-7.74735,111.578488,-7.747349953627892,111.57848798381532,178,0.0306,0.0515,0.0289,0.1533,0.3276,0.452,0.5267,0.5162,0.1034,0.0513,0.896,-0.8219,-0.3351,-0.6718,0.5491,0.8463,0.7074,-0.6163
179,Lahan Hijau,Lahanhijaufix,-7.712091,111.255341,-7.712090568842664,111.25534145956952,179,0.0496,0.0571,0.0315,0.1776,0.3821,0.5282,0.6159,0.6036,0.1175,0.1165,0.9027,-0.8303,-0.3459,-0.6796,0.5524,1.0196,0.764,-0.6341
180,Lahan Hijau,Lahanhijaufix,-7.780832,111.757966,-7.780831604492749,111.7579662428058,180,0.0436,0.0436,0.0325,0.1883,0.4065,0.5623,0.6558,0.6427,0.1756,0.0827,0.9056,-0.8753,-0.6022,-0.5776,0.5538,1.0226,0.7868,-0.5414
181,Lahan Hijau,Lahanhijaufix,-7.717984,111.873576,-7.717984290526592,111.873576494206,181,0.0384,0.0467,0.0497,0.1688,0.3357,0.4548,0.5263,0.5158,0.1754,0.0955,0.8274,-0.837,-0.5795,-0.5001,0.5143,0.7755,0.6644,-0.43
182,Lahan Hijau,Lahanhijaufix,-7.770587,111.803715,-7.7705866701016575,111.80371503917856,182,0.0382,0.0605,0.0269,0.149,0.3199,0.442,0.5153,0.505,0.1176,0.0631,0.9008,-0.7899,-0.3206,-0.6284,0.5514,0.8783,0.7029,-0.586
183,Lahan Hijau,Lahanhijaufix,-7.765893,111.814175,-7.765893249245281,111.81417473993828,183,0.0434,0.054,0.0217,0.1847,0.413,0.576,0.6738,0.6603,0.1707,0.1149,0.9376,-0.8516,-0.5194,-0.5957,0.5697,1.1026,0.8182,-0.577
184,Lahan Hijau,Lahanhijaufix,-7.763812,111.818514,-7.763811693774518,111.81851414553464,184,0.0498,0.047,0.0319,0.1818,0.3917,0.5416,0.6316,0.619,0.1557,0.0608,0.9038,-0.8615,-0.5363,-0.6045,0.553,1.0343,0.7731,-0.5682
185,Lahan Hijau,Lahanhijaufix,-7.757466,112.532656,-7.75746649665432,112.53265648156017,185,0.0445,0.049,0.0267,0.1669,0.3631,0.5033,0.5874,0.5757,0.1474,0.0906,0.913,-0.846,-0.501,-0.5988,0.5575,0.9914,0.7549,-0.568
186,Lahan Hijau,Lahanhijaufix,-7.755698,112.528153,-7.755697558573059,112.52815348535322,186,0.0227,0.0751,0.028,0.1475,0.3147,0.4342,0.5059,0.4958,0.1711,0.1169,0.8951,-0.7415,-0.3899,-0.4945,0.5485,0.7946,0.6933,-0.4528
187,Lahan Hijau,Lahanhijaufix,-7.751416,112.587853,-7.751415558897804,112.58785307522626,187,0.0459,0.0724,0.0397,0.1773,0.37,0.5076,0.5902,0.5784,0.107,0.0786,0.8739,-0.7815,-0.1929,-0.6931,0.538,0.9273,0.7308,-0.6252
188,Lahan Hijau,Lahanhijaufix,-7.797171,112.659783,-7.797171075367303,112.65978290429024,188,0.0312,0.0504,0.0417,0.1761,0.3642,0.4986,0.5792,0.5676,0.1065,0.0654,0.8657,-0.8399,-0.3576,-0.6894,0.5337,0.8423,0.7193,-0.6093
189,Lahan Hijau,Lahanhijaufix,-7.782041,112.672804,-7.782041401798212,112.6728037457987,189,0.0405,0.043,0.0455,0.1789,0.3656,0.499,0.579,0.5674,0.1384,0.0915,0.8543,-0.8617,-0.5259,-0.6142,0.5279,0.8615,0.7116,-0.5422
190,Lahan Hijau,Lahanhijaufix,-7.773741,113.173908,-7.773740627770084,113.17390826750211,190,0.0447,0.0539,0.0403,0.1785,0.372,0.5102,0.5931,0.5812,0.1214,0.1115,0.8728,-0.8334,-0.3851,-0.6602,0.5373,0.9215,0.7316,-0.5955
191,Lahan Hijau,Lahanhijaufix,-7.766084,113.174014,-7.766084263063578,113.1740139785676,191,0.0439,0.0663,0.0455,0.1975,0.4103,0.5623,0.6535,0.6404,0.1567,0.1086,0.8698,-0.8158,-0.4054,-0.6132,0.5358,0.9516,0.7606,-0.5505
192,Lahan Hijau,Lahanhijaufix,-7.758639,113.19283,-7.758639248571127,113.1928297080042,192,0.0409,0.0672,0.0386,0.1866,0.3937,0.5417,0.6305,0.6179,0.1127,0.1117,0.8846,-0.8074,-0.2529,-0.6967,0.5433,0.9514,0.7594,-0.6322
193,Lahan Hijau,Lahanhijaufix,-7.791318,113.210824,-7.79131810597263,113.2108240245752,193,0.0462,0.0412,0.0448,0.16,0.3214,0.4366,0.5058,0.4957,0.1268,0.102,0.8373,-0.8494,-0.5095,-0.5991,0.5194,0.807,0.6582,-0.5257
194,Lahan Hijau,Lahanhijaufix,-7.784153,113.212325,-7.784152849459317,113.21232510649072,194,0.0248,0.0727,0.045,0.1791,0.3669,0.501,0.5815,0.5699,0.1005,0.0701,0.8563,-0.7777,-0.1605,-0.7053,0.5291,0.8053,0.7144,-0.6129
195,Lahan Hijau,Lahanhijaufix,-7.757355,113.914848,-7.757355379152961,113.91484822502568,195,0.0385,0.0792,0.039,0.1622,0.3348,0.458,0.532,0.5214,0.1507,0.0878,0.8634,-0.7408,-0.311,-0.5585,0.5327,0.8343,0.6905,-0.5009
196,Lahan Hijau,Lahanhijaufix,-7.7586,113.918292,-7.758600451770429,113.91829226482054,196,0.0434,0.0443,0.0428,0.1792,0.3701,0.5065,0.5883,0.5765,0.177,0.0739,0.8644,-0.8599,-0.5996,-0.5374,0.533,0.8974,0.7234,-0.4837
197,Lahan Hijau,Lahanhijaufix,-7.708406,113.997995,-7.708405959048298,113.99799541821656,197,0.039,0.0773,0.0231,0.1842,0.4097,0.5708,0.6674,0.6541,0.155,0.0547,0.9331,-0.7924,-0.3345,-0.6231,0.5674,1.0643,0.8118,-0.5973
198,Lahan Hijau,Lahanhijaufix,-7.706811,114.005405,-7.706811158303114,114.0054053984392,198,0.029,0.0683,0.022,0.1656,0.3666,0.5102,0.5964,0.5845,0.1277,0.0935,0.9288,-0.7945,-0.3031,-0.6473,0.5654,0.9504,0.7704,-0.6137
199,Lahan Hijau,Lahanhijaufix,-7.707741,114.0056,-7.707740568936184,114.00560002024244,199,0.0214,0.0749,0.0492,0.2053,0.424,0.5801,0.6738,0.6603,0.16,0.0591,0.8639,-0.7999,-0.3623,-0.6162,0.5329,0.8634,0.7661,-0.5374
200,Perairan Terbuka (Laut),lautfix,-8.919778,111.4396,-8.919777516198497,111.43959976856856,200,0.1282,0.0312,0.0107,0.0109,0.0112,0.0114,0.0115,0.0113,0.0103,0.0118,0.036,0.4614,0.5036,-0.055,0.0268,0.0175,0.0023,-0.7386
201,Perairan Terbuka (Laut),lautfix,-8.938139,111.417853,-8.93813927900403,111.4178534440384,201,0.1215,0.0523,0.0182,0.0199,0.0222,0.0239,0.0249,0.0244,0.0091,0.0073,0.1555,0.3549,0.7036,-0.4647,0.1116,0.0752,0.0185,-0.6857
202,Perairan Terbuka (Laut),lautfix,-8.565853,111.174424,-8.565853299940267,111.1744237205244,202,0.0747,0.0697,0.0308,0.0255,0.018,0.0126,0.0094,0.0092,0.0026,0.0105,-0.5323,0.7623,0.9281,-0.5667,-0.4613,-0.0844,-0.0594,-0.4315
203,Perairan Terbuka (Laut),lautfix,-8.56063,111.16874,-8.560630421891005,111.16874014629832,203,0.1189,0.0437,0.0385,0.0309,0.0202,0.0126,0.008,0.0078,0.0092,0.0142,-0.6559,0.6905,0.6522,0.0698,-0.5887,-0.2196,-0.0837,-0.4536
204,Perairan Terbuka (Laut),lautfix,-9.423349,110.040921,-9.423348520558772,110.04092052862872,204,0.0978,0.0619,0.0219,0.019,0.0151,0.0122,0.0105,0.0103,0.0197,0.0067,-0.3519,0.7099,0.5172,0.3046,-0.2881,-0.0698,-0.0321,-0.445
205,Perairan Terbuka (Laut),lautfix,-8.112017,110.173682,-8.112017049999999,110.17368239363024,205,0.1405,0.0415,0.0164,0.0137,0.0099,0.0072,0.0056,0.0055,0.0134,0.0062,-0.4909,0.7622,0.5118,0.4105,-0.4197,-0.5373,-0.031,-0.6612
206,Perairan Terbuka (Laut),lautfix,-6.356618,111.647637,-6.356617767154705,111.64763746773605,206,0.1378,0.0537,0.039,0.0314,0.0208,0.0132,0.0087,0.0085,0.0175,0.0119,-0.6352,0.7212,0.5084,0.3359,-0.5661,-0.3621,-0.083,-0.4433
207,Perairan Terbuka (Laut),lautfix,-6.358679,111.56729,-6.358679156724792,111.56729010428032,207,0.1294,0.0722,0.0328,0.029,0.0236,0.0198,0.0175,0.0172,0.0035,0.0015,-0.3042,0.6098,0.9075,-0.6667,-0.2473,-0.1569,-0.0417,-0.6037
208,Perairan Terbuka (Laut),lautfix,-5.638235,111.971181,-5.6382351235925645,111.97118065803151,208,0.1429,0.0608,0.0339,0.0291,0.0223,0.0175,0.0146,0.0143,0.0032,0.0028,-0.3979,0.6127,0.9,-0.6404,-0.3318,-0.3299,-0.0528,-0.6187
209,Perairan Terbuka (Laut),lautfix,-5.513901,111.979025,-5.513900760843958,111.97902510345966,209,0.1217,0.0515,0.016,0.0157,0.0153,0.015,0.0148,0.0145,0.0022,0.0091,-0.039,0.5535,0.9181,-0.7412,-0.0295,-0.0151,-0.0034,-0.7647
210,Perairan Terbuka (Laut),lautfix,-8.960809,112.978353,-8.960808962899655,112.97835271243008,210,0.0842,0.0699,0.0193,0.018,0.0162,0.0149,0.0141,0.0138,0.0012,0.002,-0.1557,0.6643,0.9662,-0.8431,-0.1215,-0.0261,-0.0146,-0.6549
211,Perairan Terbuka (Laut),lautfix,-8.927472,112.9606,-8.927472232959747,112.96060000068236,211,0.0953,0.054,0.028,0.0237,0.0177,0.0134,0.0108,0.0106,0.0142,0.013,-0.4433,0.6667,0.5836,0.136,-0.3739,-0.0927,-0.0479,-0.4309
212,Perairan Terbuka (Laut),lautfix,-7.877758,113.076392,-7.877757918303818,113.07639228465952,212,0.1302,0.032,0.0244,0.0201,0.014,0.0097,0.0071,0.007,0.0056,0.0148,-0.5492,0.6368,0.7021,-0.1181,-0.4779,-0.2444,-0.0488,-0.6414
213,Perairan Terbuka (Laut),lautfix,-7.325075,113.2017,-7.325075,113.20170039295778,213,0.0728,0.0549,0.0285,0.0261,0.0228,0.0204,0.019,0.0186,0.0116,0.0011,-0.2,0.4858,0.6511,-0.2418,-0.1574,-0.0369,-0.026,-0.392
214,Perairan Terbuka (Laut),lautfix,-6.5568,112.961065,-6.556799580845371,112.96106456510508,214,0.0894,0.0559,0.0126,0.0124,0.0122,0.0121,0.012,0.0118,0.0016,0.0021,-0.0244,0.6465,0.9443,-0.7647,-0.0164,-0.0036,-0.0017,-0.7543
215,Perairan Terbuka (Laut),lautfix,-6.547101,112.9606,-6.547101285702128,112.96060000068236,215,0.0957,0.0366,0.027,0.025,0.0221,0.02,0.0188,0.0184,0.0162,0.0038,-0.179,0.3213,0.3864,-0.0743,-0.1416,-0.0443,-0.0225,-0.4521
216,Perairan Terbuka (Laut),lautfix,-5.933688,112.967104,-5.933687672135575,112.96710373238167,216,0.0751,0.0352,0.0291,0.0266,0.0231,0.0206,0.0191,0.0187,0.0016,0.0141,-0.2075,0.2965,0.913,-0.8454,-0.1641,-0.0397,-0.0274,-0.5084
217,Perairan Terbuka (Laut),lautfix,-6.059457,112.9606,-6.059456835702129,112.96060000068236,217,0.0647,0.0571,0.0313,0.0291,0.026,0.0237,0.0224,0.022,0.0146,0.0122,-0.1657,0.4365,0.5927,-0.2108,-0.1301,-0.0307,-0.0241,-0.3098
218,Perairan Terbuka (Laut),lautfix,-5.301581,112.929236,-5.301580946199177,112.92923577953157,218,0.0906,0.0707,0.0124,0.015,0.0187,0.0213,0.0229,0.0224,0.0114,0.0124,0.2975,0.5107,0.7223,-0.3353,0.2084,0.0628,0.0294,-0.6533
219,Perairan Terbuka (Laut),lautfix,-5.394059,112.9606,-5.394059035268835,112.96060000068236,219,0.1007,0.0622,0.0258,0.0242,0.0221,0.0205,0.0196,0.0192,0.0026,0.0018,-0.1366,0.5208,0.9198,-0.7658,-0.105,-0.037,-0.0171,-0.618
220,Perairan Terbuka (Laut),lautfix,-9.074927,114.042738,-9.07492679584703,114.042738058847,220,0.0822,0.038,0.0362,0.0295,0.0201,0.0134,0.0094,0.0092,0.0195,0.0057,-0.5877,0.6034,0.3217,0.3495,-0.5167,-0.1098,-0.0737,-0.2437
221,Perairan Terbuka (Laut),lautfix,-9.064172,114.029058,-9.064171679469904,114.029058296991,221,0.0764,0.0695,0.0298,0.0261,0.0209,0.0172,0.015,0.0147,0.0116,0.0111,-0.3304,0.645,0.7139,-0.1278,-0.2701,-0.0596,-0.0407,-0.3765
222,Perairan Terbuka (Laut),lautfix,-7.550964,114.073848,-7.550964083010226,114.0738484840654,222,0.0806,0.0798,0.0392,0.0339,0.0265,0.0212,0.018,0.0176,0.0048,0.0105,-0.3706,0.6319,0.8865,-0.5789,-0.3064,-0.0817,-0.0571,-0.3829
223,Perairan Terbuka (Laut),lautfix,-8.536337,113.692498,-8.536337199999998,113.69249839295776,223,0.0665,0.0315,0.0177,0.0168,0.0157,0.0148,0.0143,0.014,0.0175,0.0112,-0.1062,0.3755,0.2857,0.1006,-0.0804,-0.0137,-0.0096,-0.3931
224,Perairan Terbuka (Laut),lautfix,-6.492733,114.034626,-6.492733225832882,114.034626327786,224,0.1268,0.0513,0.0204,0.0184,0.0156,0.0136,0.0124,0.0122,0.0198,0.0016,-0.2439,0.6107,0.443,0.2298,-0.1948,-0.1088,-0.0225,-0.5518
225,Perairan Terbuka (Laut),lautfix,-6.473339,114.029058,-6.473338522214597,114.029058296991,225,0.138,0.0589,0.0232,0.0223,0.021,0.0201,0.0195,0.0191,0.0102,0.0132,-0.0867,0.5026,0.7048,-0.3131,-0.067,-0.0748,-0.0102,-0.6501
226,Perairan Terbuka (Laut),lautfix,-5.674148,114.027912,-5.674147631602451,114.02791244563926,226,0.1411,0.0511,0.0183,0.0179,0.0174,0.017,0.0168,0.0165,0.0183,0.0039,-0.0427,0.5052,0.4726,0.0427,-0.0317,-0.0549,-0.0042,-0.6237
227,Perairan Terbuka (Laut),lautfix,-5.836756,114.029058,-5.836756072214596,114.029058296991,227,0.1161,0.0616,0.032,0.0259,0.0174,0.0113,0.0076,0.0074,0.0146,0.0137,-0.6162,0.7803,0.6168,0.3153,-0.5463,-0.1855,-0.0678,-0.4527
228,Perairan Terbuka (Laut),lautfix,-4.838584,114.081334,-4.838583604746435,114.08133440538428,228,0.0762,0.0419,0.0391,0.0315,0.0208,0.0132,0.0086,0.0084,0.0172,0.0079,-0.6394,0.6594,0.4179,0.3333,-0.5711,-0.1135,-0.0835,-0.202
229,Perairan Terbuka (Laut),lautfix,-4.735189,114.069855,-4.735189087888433,114.06985504631837,229,0.0823,0.0735,0.0234,0.0214,0.0185,0.0165,0.0153,0.015,0.0078,0.0093,-0.2093,0.6554,0.8081,-0.3247,-0.1662,-0.0376,-0.0226,-0.5155
230,Perairan Terbuka (Laut),lautfix,-9.01211,114.845859,-9.012110300016776,114.8458594030489,230,0.0747,0.0496,0.0391,0.0319,0.0218,0.0145,0.0102,0.01,0.0135,0.0056,-0.5862,0.6589,0.5721,0.1392,-0.5154,-0.1055,-0.0789,-0.2349
231,Perairan Terbuka (Laut),lautfix,-9.102371,114.882622,-9.102371391990332,114.88262214250572,231,0.1296,0.0365,0.0391,0.0329,0.0241,0.0178,0.0141,0.0138,0.0055,0.002,-0.4699,0.4427,0.7381,-0.4388,-0.4,-0.2259,-0.0678,-0.5263
232,Perairan Terbuka (Laut),lautfix,-7.676373,114.874096,-7.676372956680132,114.87409555139658,232,0.0753,0.056,0.0201,0.0205,0.021,0.0214,0.0216,0.0212,0.0092,0.0045,0.036,0.4433,0.7178,-0.4026,0.0261,0.0065,0.0042,-0.5357
233,Perairan Terbuka (Laut),lautfix,-7.626652,114.882622,-7.626651909244325,114.88262214250572,233,0.1155,0.0653,0.015,0.0134,0.011,0.0094,0.0084,0.0082,0.0017,0.0113,-0.2821,0.772,0.9493,-0.6634,-0.2294,-0.0711,-0.0189,-0.7624
234,Perairan Terbuka (Laut),lautfix,-6.704029,114.880937,-6.704028597348816,114.88093671323672,234,0.1197,0.0537,0.0353,0.0318,0.0268,0.0232,0.0211,0.0207,0.0121,0.0132,-0.2518,0.4358,0.6322,-0.2711,-0.2023,-0.1059,-0.0383,-0.4963
235,Danau,danau_fix,-8.160928,111.020631,-8.160928372761047,111.02063097599522,235,0.0468,0.0667,0.0253,0.0223,0.0182,0.0153,0.0135,0.0132,0.0086,0.0126,-0.3041,0.6633,0.7716,-0.2217,-0.2458,-0.0362,-0.0329,-0.2803
236,Danau,danau_fix,-8.031033,111.000242,-8.03103336873557,111.00024220962548,236,0.0483,0.0719,0.0351,0.0357,0.0366,0.0372,0.0376,0.0368,0.0062,0.0204,0.0344,0.3132,0.8412,-0.7169,0.0259,0.0071,0.0065,-0.3506
237,Danau,danau_fix,-7.804614,110.899278,-7.804613555414001,110.89927833621942,237,0.0651,0.0549,0.0462,0.0464,0.0466,0.0467,0.0468,0.0459,0.0068,0.0084,0.0065,0.0796,0.7796,-0.7463,0.0043,0.0018,0.0015,-0.3572
238,Danau,danau_fix,-7.174868,111.622781,-7.174868233064536,111.62278116623558,238,0.0722,0.0949,0.0255,0.0237,0.0212,0.0195,0.0184,0.018,0.0161,0.0131,-0.1617,0.6752,0.7099,-0.0667,-0.1259,-0.0282,-0.0196,-0.3707
239,Danau,danau_fix,-7.17317,111.626536,-7.17317044246329,111.62653628685636,239,0.0647,0.0721,0.0339,0.0354,0.0375,0.039,0.0399,0.0391,0.0061,0.0078,0.0813,0.2875,0.844,-0.7348,0.0598,0.0198,0.0157,-0.4467
240,Danau,danau_fix,-7.170745,111.632727,-7.170744650429798,111.63272699428074,240,0.0685,0.1037,0.0354,0.0344,0.0329,0.0319,0.0313,0.0307,0.0082,0.0123,-0.0615,0.5363,0.8534,-0.5848,-0.0472,-0.014,-0.0109,-0.3919
241,Danau,danau_fix,-7.261164,112.403359,-7.261163941713733,112.40335871335635,241,0.0613,0.0645,0.0281,0.0274,0.0263,0.0256,0.0251,0.0246,0.0056,0.0094,-0.0564,0.4397,0.8402,-0.6352,-0.0438,-0.0102,-0.0081,-0.4388
242,Danau,danau_fix,-7.158749,112.404288,-7.158748788121524,112.40428840907836,242,0.0485,0.0696,0.0236,0.0291,0.0368,0.0423,0.0456,0.0447,0.0228,0.0176,0.3179,0.2083,0.5065,-0.3333,0.2209,0.0668,0.058,-0.3395
243,Danau,danau_fix,-7.297239,112.415975,-7.29723906432231,112.4159748967944,243,0.0716,0.0799,0.0226,0.0248,0.0279,0.0302,0.0315,0.0309,0.0226,0.0191,0.1645,0.4345,0.559,-0.1645,0.119,0.0353,0.0241,-0.3904
244,Danau,danau_fix,-7.047471,113.271871,-7.0474712136694695,113.27187066957627,244,0.0573,0.0577,0.0285,0.0275,0.0261,0.0251,0.0245,0.024,0.0244,0.0151,-0.0755,0.4039,0.4056,-0.002,-0.0577,-0.0131,-0.0108,-0.2146
245,Danau,danau_fix,-8.057917,111.717249,-8.057917169156186,111.71724902742416,245,0.0542,0.1092,0.0382,0.0335,0.027,0.0223,0.0195,0.0191,0.0081,0.0055,-0.3241,0.697,0.8619,-0.413,-0.2642,-0.0555,-0.0503,-0.2283
246,Danau,danau_fix,-8.01756,111.794725,-8.017559821805511,111.79472497214006,246,0.0498,0.0596,0.0256,0.0246,0.0231,0.022,0.0214,0.021,0.0102,0.0226,-0.0894,0.4716,0.7077,-0.3544,-0.0696,-0.0131,-0.0115,-0.3308
247,Danau,danau_fix,-8.076903,111.825185,-8.076902835856497,111.82518506592194,247,0.0432,0.0815,0.0323,0.0366,0.0425,0.0468,0.0493,0.0483,0.0084,0.0112,0.2083,0.2462,0.8131,-0.7088,0.1478,0.0462,0.0438,-0.3889
248,Danau,danau_fix,-7.796933,111.632492,-7.796933380048882,111.63249215793056,248,0.0788,0.1019,0.0445,0.0384,0.03,0.0239,0.0203,0.0199,0.0101,0.0174,-0.3735,0.6678,0.8196,-0.3355,-0.3083,-0.0869,-0.0643,-0.2895
249,Danau,danau_fix,-7.598771,111.629404,-7.598770753807567,111.62940367904326,249,0.0772,0.0834,0.0371,0.0331,0.0276,0.0236,0.0212,0.0208,0.0281,0.0063,-0.2727,0.5946,0.496,0.14,-0.2192,-0.0598,-0.0427,-0.2029
250,Danau,danau_fix,-7.864014,112.327294,-7.864013774670721,112.32729377912123,250,0.0529,0.0755,0.0352,0.0313,0.0259,0.022,0.0197,0.0193,0.0084,0.016,-0.2823,0.5861,0.7998,-0.4021,-0.2275,-0.0465,-0.0419,-0.2496
251,Danau,danau_fix,-8.360802,112.550483,-8.360801959335502,112.55048282274822,251,0.0515,0.0849,0.0246,0.0258,0.0274,0.0285,0.0292,0.0286,0.021,0.0032,0.0855,0.4882,0.6034,-0.1633,0.0618,0.0145,0.0125,-0.2779
252,Danau,danau_fix,-8.161959,112.510838,-8.161959232427014,112.5108384477372,252,0.0535,0.0581,0.0219,0.0288,0.0385,0.0454,0.0496,0.0486,0.0147,0.0206,0.3874,0.0789,0.5962,-0.5428,0.2653,0.0888,0.0727,-0.476
253,Danau,danau_fix,-8.185192,112.555485,-8.185191874574404,112.5554854299458,253,0.0502,0.0909,0.0428,0.0405,0.0374,0.0351,0.0338,0.0331,0.0191,0.0115,-0.1175,0.4579,0.6527,-0.2779,-0.0902,-0.0246,-0.0234,-0.1515
254,Danau,danau_fix,-7.817853,113.111842,-7.817853177049929,113.11184204528708,254,0.054,0.1058,0.0449,0.0458,0.0471,0.048,0.0486,0.0476,0.0087,0.0188,0.0396,0.3705,0.848,-0.6963,0.0297,0.0101,0.0094,-0.3137
255,Danau,danau_fix,-7.787943,113.11595,-7.787942867694561,113.11594979941368,255,0.0775,0.0609,0.022,0.0264,0.0326,0.037,0.0396,0.0388,0.0222,0.0214,0.2857,0.2119,0.4657,-0.2816,0.2,0.0745,0.047,-0.452
256,Danau,danau_fix,-7.607316,112.82826,-7.60731646784273,112.82825981057276,256,0.0456,0.0977,0.026,0.0236,0.0203,0.0179,0.0165,0.0162,0.0099,0.0207,-0.2235,0.711,0.816,-0.25,-0.1771,-0.0286,-0.0263,-0.2673
257,Danau,danau_fix,-7.721234,114.013485,-7.721233653198129,114.01348508123688,257,0.0666,0.0814,0.0308,0.0344,0.0394,0.043,0.0451,0.0442,0.0168,0.0208,0.1884,0.287,0.6578,-0.4572,0.1346,0.0489,0.0372,-0.4024
258,Danau,danau_fix,-7.712341,114.007779,-7.712340910512017,114.0077787512398,258,0.0576,0.0726,0.0339,0.031,0.0268,0.0239,0.0221,0.0217,0.0274,0.0136,-0.2107,0.5333,0.452,0.1071,-0.1676,-0.0372,-0.0318,-0.1305
259,Danau,danau_fix,-8.613325,114.087862,-8.613325419248174,114.08786216547205,259,0.0493,0.104,0.0315,0.0316,0.0316,0.0317,0.0317,0.0311,0.0322,0.0164,0.0032,0.5328,0.5272,0.0078,0.0016,0.0006,0.0005,-0.1196
260,Danau,danau_fix,-8.057759,114.2417,-8.057758757814026,114.24170018200972,260,0.0447,0.1064,0.0388,0.035,0.0296,0.0257,0.0234,0.0229,0.0092,0.0203,-0.2476,0.6394,0.8408,-0.4356,-0.1986,-0.0418,-0.0411,-0.1731
261,Danau,danau_fix,-8.28254,114.60605,-8.2825402328782,114.6060504030412,261,0.0648,0.082,0.0468,0.0455,0.0436,0.0423,0.0415,0.0407,0.0096,0.0092,-0.06,0.3279,0.7904,-0.6243,-0.046,-0.0158,-0.0135,-0.3067
262,Danau,danau_fix,-7.261164,112.403359,-7.261163941713733,112.40335871335635,262,0.0499,0.0946,0.021,0.024,0.0281,0.031,0.0328,0.0321,0.0279,0.0222,0.2193,0.4851,0.5445,-0.0807,0.1549,0.0376,0.032,-0.2568
263,Danau,danau_fix,-7.468089,112.522462,-7.468089037887504,112.52246172998004,263,0.0537,0.0993,0.0233,0.0285,0.0357,0.0408,0.0439,0.043,0.0088,0.0111,0.3065,0.3869,0.8372,-0.666,0.2127,0.0659,0.0545,-0.505
264,Danau,danau_fix,-7.470563,112.534627,-7.470562968589435,112.5346269572306,264,0.0719,0.059,0.0269,0.0299,0.0341,0.0371,0.0389,0.0381,0.0266,0.0167,0.1824,0.2053,0.3785,-0.1878,0.1308,0.0454,0.0318,-0.3488
265,Danau,danau_fix,-7.980748,113.31207,-7.98074810578985,113.3120703597808,265,0.0678,0.0826,0.0276,0.0266,0.0253,0.0244,0.0238,0.0233,0.0104,0.0229,-0.0739,0.5526,0.7763,-0.3918,-0.0556,-0.014,-0.0103,-0.4136
266,Danau,danau_fix,-7.971077,113.331757,-7.971076972442429,113.33175707814269,266,0.0633,0.0741,0.0339,0.0374,0.0423,0.0458,0.0479,0.0469,0.0096,0.0155,0.1711,0.2148,0.7706,-0.6661,0.1231,0.0451,0.0361,-0.4376
267,Danau,danau_fix,-7.961036,113.337687,-7.961036311709507,113.3376869237046,267,0.0602,0.0867,0.0205,0.0266,0.0351,0.0412,0.0449,0.044,0.033,0.015,0.3731,0.3176,0.4486,-0.1528,0.2559,0.0851,0.0647,-0.3253
268,Danau,danau_fix,-8.041304,112.921434,-8.041304055766792,112.9214340937896,268,0.0679,0.1053,0.0412,0.0349,0.0261,0.0199,0.0161,0.0158,0.0223,0.016,-0.438,0.7348,0.6505,0.1615,-0.3686,-0.0832,-0.0676,-0.139
269,Danau,danau_fix,-8.011803,112.90875,-8.011802615311462,112.9087504041845,269,0.057,0.0942,0.048,0.0478,0.0474,0.0472,0.047,0.0461,0.0185,0.0046,-0.0105,0.3343,0.6717,-0.4351,-0.0084,-0.0028,-0.0025,-0.2199
270,Danau,danau_fix,-8.009898,112.901617,-8.00989805352798,112.90161654501216,270,0.0794,0.1003,0.0237,0.0295,0.0376,0.0433,0.0468,0.0459,0.0311,0.0139,0.3277,0.3637,0.5266,-0.2015,0.2267,0.0973,0.0607,-0.3945
271,Danau,danau_fix,-7.831124,111.631278,-7.831124009079796,111.6312777719574,271,0.0637,0.0739,0.0216,0.022,0.0227,0.0231,0.0234,0.0229,0.0291,0.0021,0.04,0.519,0.435,0.1086,0.0308,0.0067,0.005,-0.2642
272,Danau,danau_fix,-7.662235,111.211481,-7.662235201012979,111.21148138651472,272,0.0533,0.0739,0.0361,0.0388,0.0425,0.0452,0.0468,0.0459,0.0154,0.01,0.1291,0.2245,0.6551,-0.5048,0.0935,0.031,0.0275,-0.3206
273,Danau,danau_fix,-8.059209,114.242188,-8.059208824709186,114.24218784596872,273,0.0695,0.0771,0.0267,0.027,0.0275,0.0279,0.0281,0.0275,0.0092,0.0061,0.0255,0.4658,0.7868,-0.5067,0.02,0.0052,0.0038,-0.4622
274,Danau,danau_fix,-8.151137,112.441423,-8.15113740965597,112.44142266551026,274,0.0599,0.0751,0.0474,0.0417,0.0337,0.0279,0.0245,0.024,0.0224,0.0165,-0.3185,0.508,0.5405,-0.0448,-0.2598,-0.0666,-0.0601,-0.0947
275,Danau,danau_fix,-8.161137,112.458423,-8.16113740965597,112.45842266551026,275,0.0405,0.0898,0.0253,0.0311,0.0392,0.0449,0.0484,0.0474,0.0095,0.0115,0.3134,0.2996,0.8087,-0.6718,0.2176,0.0644,0.0604,-0.4373
276,Danau,danau_fix,-7.871137,112.351423,-7.871137409655969,112.35142266551028,276,0.0434,0.1098,0.0351,0.0348,0.0343,0.034,0.0338,0.0331,0.007,0.0192,-0.0189,0.5292,0.8801,-0.6569,-0.0146,-0.0035,-0.0034,-0.2942
277,Danau,danau_fix,-7.551137,111.712423,-7.551137409655971,111.71242266551026,277,0.0484,0.1039,0.0262,0.0241,0.021,0.0189,0.0176,0.0172,0.0061,0.0129,-0.1963,0.7103,0.8891,-0.4852,-0.1559,-0.0265,-0.0237,-0.3428
278,Danau,danau_fix,-7.981137,111.811423,-7.981137409655969,111.81142266551024,278,0.0626,0.0539,0.0433,0.0395,0.0342,0.0304,0.0281,0.0275,0.0207,0.0121,-0.2129,0.3146,0.445,-0.1516,-0.1686,-0.0464,-0.0399,-0.1726
279,Danau,danau_fix,-7.711137,113.011423,-7.7111374096559695,113.01142266551028,279,0.056,0.0836,0.0247,0.0228,0.0203,0.0184,0.0173,0.017,0.0309,0.0238,-0.1762,0.6571,0.4603,0.2822,-0.1372,-0.0248,-0.0205,-0.1373
280,Danau,danau_fix,-7.361137,111.861423,-7.36113740965597,111.86142266551025,280,0.0549,0.0662,0.0393,0.036,0.0315,0.0282,0.0263,0.0258,0.0058,0.0056,-0.1982,0.4314,0.8389,-0.6386,-0.1557,-0.0382,-0.0345,-0.2858
281,Danau,danau_fix,-7.211137,112.281423,-7.2111374096559695,112.28142266551026,281,0.0686,0.0895,0.0208,0.0203,0.0197,0.0192,0.0189,0.0185,0.0119,0.0175,-0.0479,0.6513,0.7653,-0.2273,-0.0357,-0.0075,-0.0053,-0.4559
282,Danau,danau_fix,-7.281137,112.211423,-7.281137409655969,112.21142266551026,282,0.0408,0.0562,0.044,0.0373,0.0279,0.0211,0.0171,0.0168,0.0246,0.0075,-0.4403,0.5334,0.3911,0.1799,-0.3713,-0.069,-0.0719,0.0846
283,Danau,danau_fix,-7.421137,111.531423,-7.421137409655969,111.53142266551023,283,0.044,0.0646,0.0417,0.0423,0.0432,0.0438,0.0442,0.0433,0.0299,0.0111,0.0291,0.1875,0.3672,-0.193,0.022,0.0065,0.0064,-0.1039
284,Danau,danau_fix,-7.451137,111.581423,-7.451137409655971,111.58142266551025,284,0.0667,0.0623,0.0288,0.0331,0.0391,0.0433,0.0459,0.045,0.0054,0.004,0.2289,0.1516,0.8405,-0.7895,0.162,0.0595,0.0446,-0.5341
