date,feature_index,SO2
2025-09-01T00:00:00.000Z,0,[-0.0001655961968936026]
2025-09-02T00:00:00.000Z,0,[-5.9663243519025855e-06]
2025-09-03T00:00:00.000Z,0,[0.0002775914617814124]
2025-09-04T00:00:00.000Z,0,[0.0002822120732162148]
2025-09-05T00:00:00.000Z,0,[-0.00011133162479382008]
2025-09-06T00:00:00.000Z,0,[0.0005464484565891325]
2025-09-07T00:00:00.000Z,0,[6.306556315394118e-05]
2025-09-08T00:00:00.000Z,0,[None]
2025-09-09T00:00:00.000Z,0,[0.0002893403288908303]
2025-09-10T00:00:00.000Z,0,[4.9239391955779865e-05]
2025-09-11T00:00:00.000Z,0,[0.0004440593475010246]
2025-09-12T00:00:00.000Z,0,[0.0003361228737048805]
2025-09-13T00:00:00.000Z,0,[-0.0002456758520565927]
2025-09-14T00:00:00.000Z,0,[0.0005935545195825398]
2025-09-15T00:00:00.000Z,0,[0.0002770193386822939]
2025-09-16T00:00:00.000Z,0,[-0.00015677364717703313]
2025-09-17T00:00:00.000Z,0,[None]
2025-09-18T00:00:00.000Z,0,[None]
2025-09-19T00:00:00.000Z,0,[-0.0001795074058463797]
2025-09-21T00:00:00.000Z,0,[-0.00026389595586806536]
2025-09-22T00:00:00.000Z,0,[0.00012929989316035062]
2025-09-23T00:00:00.000Z,0,[0.0001217692843056284]
2025-09-24T00:00:00.000Z,0,[4.394318239064887e-05]
2025-09-25T00:00:00.000Z,0,[3.317887239973061e-05]
2025-09-26T00:00:00.000Z,0,[0.00017936482618097216]
2025-09-27T00:00:00.000Z,0,[-0.0002766317629721016]
2025-09-28T00:00:00.000Z,0,[0.00032649803324602544]
2025-09-29T00:00:00.000Z,0,[0.00018507167987991124]
2025-10-01T00:00:00.000Z,0,[None]
2025-10-02T00:00:00.000Z,0,[0.00019730495114345104]
2025-10-03T00:00:00.000Z,0,[-0.00013116314949002117]
2025-10-04T00:00:00.000Z,0,[0.00011984822776867075]
2025-10-05T00:00:00.000Z,0,[-7.363306940533221e-05]
2025-10-06T00:00:00.000Z,0,[-0.0004158875963184983]
2025-10-07T00:00:00.000Z,0,[-0.0003140554763376713]
2025-10-08T00:00:00.000Z,0,[None]
2025-10-09T00:00:00.000Z,0,[3.704075061250478e-05]
2025-10-10T00:00:00.000Z,0,[-0.0001361432223347947]
2025-10-11T00:00:00.000Z,0,[0.0001023577497107908]
2025-10-12T00:00:00.000Z,0,[0.0001112916215788573]
2025-10-13T00:00:00.000Z,0,[0.001243318314664]
2025-10-14T00:00:00.000Z,0,[-0.0003700543020386249]
2025-10-15T00:00:00.000Z,0,[8.301653724629432e-05]
2025-10-16T00:00:00.000Z,0,[-0.0001335255801677704]
2025-10-17T00:00:00.000Z,0,[3.9314258174272254e-05]
2025-10-18T00:00:00.000Z,0,[0.00010714882228057832]
2025-10-19T00:00:00.000Z,0,[None]
2025-10-20T00:00:00.000Z,0,[None]
2025-10-21T00:00:00.000Z,0,[0.00016396926366724074]
2025-10-22T00:00:00.000Z,0,[None]
2025-10-23T00:00:00.000Z,0,[3.610294515965506e-05]
2025-10-24T00:00:00.000Z,0,[None]
2025-10-25T00:00:00.000Z,0,[0.00016473550931550562]
2025-10-26T00:00:00.000Z,0,[-0.0001277938426937908]
2025-10-27T00:00:00.000Z,0,[None]
2025-10-28T00:00:00.000Z,0,[None]
2025-10-29T00:00:00.000Z,0,[None]
2025-10-30T00:00:00.000Z,0,[None]
2025-10-31T00:00:00.000Z,0,[None]
2025-11-01T00:00:00.000Z,0,[None]
2025-11-02T00:00:00.000Z,0,[None]
2025-11-03T00:00:00.000Z,0,[None]
2025-11-04T00:00:00.000Z,0,[None]
2025-11-05T00:00:00.000Z,0,[None]
2025-11-06T00:00:00.000Z,0,[7.986230048118159e-05]
2025-11-07T00:00:00.000Z,0,[None]
2025-11-08T00:00:00.000Z,0,[None]
2025-11-09T00:00:00.000Z,0,[None]
2025-11-10T00:00:00.000Z,0,[None]
2025-11-11T00:00:00.000Z,0,[None]
2025-11-12T00:00:00.000Z,0,[None]
2025-11-13T00:00:00.000Z,0,[None]
2025-11-14T00:00:00.000Z,0,[None]
2025-11-15T00:00:00.000Z,0,[None]
2025-11-16T00:00:00.000Z,0,[None]
2025-11-17T00:00:00.000Z,0,[None]
2025-11-18T00:00:00.000Z,0,[None]
2025-11-19T00:00:00.000Z,0,[None]
2025-11-20T00:00:00.000Z,0,[None]
2025-11-21T00:00:00.000Z,0,[None]
2025-11-22T00:00:00.000Z,0,[None]
2025-12-03T00:00:00.000Z,0,[-1.9344184693181887e-05]
2025-12-04T00:00:00.000Z,0,[None]
2025-12-05T00:00:00.000Z,0,[-2.9802744393236932e-05]
2025-12-06T00:00:00.000Z,0,[None]
2025-12-07T00:00:00.000Z,0,[None]
2025-12-08T00:00:00.000Z,0,[None]
2025-12-09T00:00:00.000Z,0,[None]
2025-12-10T00:00:00.000Z,0,[-5.17188964295201e-05]
2025-12-11T00:00:00.000Z,0,[None]
2025-12-12T00:00:00.000Z,0,[None]
2025-12-13T00:00:00.000Z,0,[None]
2025-12-14T00:00:00.000Z,0,[None]
2025-12-15T00:00:00.000Z,0,[-0.00013500989007297903]
2025-12-16T00:00:00.000Z,0,[None]
2025-12-17T00:00:00.000Z,0,[None]
2025-12-18T00:00:00.000Z,0,[None]
2025-12-19T00:00:00.000Z,0,[None]
2025-12-20T00:00:00.000Z,0,[None]
2025-12-21T00:00:00.000Z,0,[None]
2025-12-22T00:00:00.000Z,0,[None]
2025-12-23T00:00:00.000Z,0,[None]
2025-12-24T00:00:00.000Z,0,[None]
2025-12-25T00:00:00.000Z,0,[None]
2025-12-26T00:00:00.000Z,0,[None]
2025-12-27T00:00:00.000Z,0,[None]
2025-12-28T00:00:00.000Z,0,[None]
2025-12-29T00:00:00.000Z,0,[None]
2025-12-30T00:00:00.000Z,0,[0.0001715465768938884]
2025-12-31T00:00:00.000Z,0,[None]
2026-01-01T00:00:00.000Z,0,[None]
2026-01-02T00:00:00.000Z,0,[-0.0005022253608331084]
2026-01-03T00:00:00.000Z,0,[None]
2026-01-04T00:00:00.000Z,0,[None]
2026-01-05T00:00:00.000Z,0,[None]
2026-01-06T00:00:00.000Z,0,[None]
2026-01-07T00:00:00.000Z,0,[None]
2026-01-08T00:00:00.000Z,0,[None]
2026-01-09T00:00:00.000Z,0,[None]
2026-01-10T00:00:00.000Z,0,[None]
2026-01-11T00:00:00.000Z,0,[None]
2026-01-12T00:00:00.000Z,0,[None]
2026-01-13T00:00:00.000Z,0,[None]
2026-01-14T00:00:00.000Z,0,[None]
2026-01-15T00:00:00.000Z,0,[None]
2026-01-16T00:00:00.000Z,0,[-0.00015455055108759552]
2026-01-17T00:00:00.000Z,0,[None]
2026-01-18T00:00:00.000Z,0,[None]
2026-01-19T00:00:00.000Z,0,[-0.00010018791363108905]
2026-01-20T00:00:00.000Z,0,[None]
2026-01-21T00:00:00.000Z,0,[-0.00011162503506056964]
2026-01-22T00:00:00.000Z,0,[None]
2026-01-23T00:00:00.000Z,0,[None]
2026-01-24T00:00:00.000Z,0,[0.0001448350230930373]
2026-01-25T00:00:00.000Z,0,[None]
2026-01-26T00:00:00.000Z,0,[None]
2026-01-27T00:00:00.000Z,0,[None]
2026-01-28T00:00:00.000Z,0,[None]
2026-01-29T00:00:00.000Z,0,[-3.1366901112050982e-06]
2026-01-30T00:00:00.000Z,0,[None]
2026-01-31T00:00:00.000Z,0,[0.00016474456060677767]
2026-02-01T00:00:00.000Z,0,[-1.5956105926306918e-05]
2026-02-02T00:00:00.000Z,0,[-0.00046294223284348845]
2026-02-03T00:00:00.000Z,0,[6.736622890457511e-05]
2026-02-04T00:00:00.000Z,0,[-6.191764441609848e-06]
2026-02-05T00:00:00.000Z,0,[None]
2026-02-06T00:00:00.000Z,0,[0.0001007920945994556]
2026-02-07T00:00:00.000Z,0,[None]
2026-02-08T00:00:00.000Z,0,[None]
2026-02-09T00:00:00.000Z,0,[None]
2026-02-10T00:00:00.000Z,0,[None]
2026-02-11T00:00:00.000Z,0,[None]
2026-02-12T00:00:00.000Z,0,[None]
2026-02-13T00:00:00.000Z,0,[None]
2026-02-14T00:00:00.000Z,0,[None]
2026-02-15T00:00:00.000Z,0,[None]
2026-02-16T00:00:00.000Z,0,[None]
2026-02-17T00:00:00.000Z,0,[None]
2026-02-18T00:00:00.000Z,0,[None]
2026-02-19T00:00:00.000Z,0,[None]
2026-02-20T00:00:00.000Z,0,[None]
2026-02-21T00:00:00.000Z,0,[None]
2026-02-22T00:00:00.000Z,0,[None]
2026-02-23T00:00:00.000Z,0,[None]
2026-02-24T00:00:00.000Z,0,[None]
2026-02-25T00:00:00.000Z,0,[None]
2026-02-26T00:00:00.000Z,0,[None]
2026-02-27T00:00:00.000Z,0,[0.00020778457110282036]
2026-02-28T00:00:00.000Z,0,[-7.088234269758686e-05]
2026-03-01T00:00:00.000Z,0,[None]
2026-03-02T00:00:00.000Z,0,[None]
2026-03-03T00:00:00.000Z,0,[None]
2026-03-04T00:00:00.000Z,0,[-7.9376193752978e-05]
2026-03-05T00:00:00.000Z,0,[None]
2026-03-06T00:00:00.000Z,0,[None]
2026-03-07T00:00:00.000Z,0,[-0.000253409642027691]
2026-03-08T00:00:00.000Z,0,[4.610124960890971e-05]
2026-03-09T00:00:00.000Z,0,[None]
2026-03-10T00:00:00.000Z,0,[None]
2026-03-11T00:00:00.000Z,0,[None]
2026-03-12T00:00:00.000Z,0,[None]
2026-03-13T00:00:00.000Z,0,[None]
2026-03-14T00:00:00.000Z,0,[0.0002831427264027297]
2026-03-15T00:00:00.000Z,0,[None]
2026-03-16T00:00:00.000Z,0,[-8.880210771167185e-06]
2026-03-17T00:00:00.000Z,0,[None]
2026-03-18T00:00:00.000Z,0,[None]
2026-03-19T00:00:00.000Z,0,[None]
2026-03-20T00:00:00.000Z,0,[None]
2026-03-21T00:00:00.000Z,0,[None]
2026-03-22T00:00:00.000Z,0,[None]
2026-03-23T00:00:00.000Z,0,[None]
2026-03-24T00:00:00.000Z,0,[None]
2026-03-25T00:00:00.000Z,0,[None]
2026-03-26T00:00:00.000Z,0,[None]
2026-03-27T00:00:00.000Z,0,[-0.0004686559841502458]
2026-03-28T00:00:00.000Z,0,[None]
2026-03-29T00:00:00.000Z,0,[0.0002890551113523543]
2026-03-30T00:00:00.000Z,0,[None]
2026-03-31T00:00:00.000Z,0,[None]
2026-04-01T00:00:00.000Z,0,[-0.00012229627463966608]
2026-04-02T00:00:00.000Z,0,[0.00013314546959009022]
2026-04-03T00:00:00.000Z,0,[-0.0001886086683953181]
2026-04-04T00:00:00.000Z,0,[None]
2026-04-05T00:00:00.000Z,0,[-5.779717685072683e-05]
2026-04-06T00:00:00.000Z,0,[None]
2026-04-07T00:00:00.000Z,0,[-0.00023451310698874292]
2026-04-08T00:00:00.000Z,0,[None]
2026-04-09T00:00:00.000Z,0,[None]
2026-04-10T00:00:00.000Z,0,[None]
2026-04-11T00:00:00.000Z,0,[0.0006373497890308499]
2026-04-12T00:00:00.000Z,0,[9.738586959429084e-05]
2026-04-13T00:00:00.000Z,0,[0.0002683862403500825]
2026-04-14T00:00:00.000Z,0,[-0.00016777953715063632]
2026-04-15T00:00:00.000Z,0,[0.0004571749013848603]
2026-04-16T00:00:00.000Z,0,[-0.00016334991960320622]
2026-04-17T00:00:00.000Z,0,[0.0004734385875053704]
2026-04-18T00:00:00.000Z,0,[0.00031364362803287804]
2026-04-19T00:00:00.000Z,0,[None]
2026-04-20T00:00:00.000Z,0,[4.598743180395104e-05]
2026-04-21T00:00:00.000Z,0,[None]
2026-04-22T00:00:00.000Z,0,[None]
2026-04-23T00:00:00.000Z,0,[None]
2026-04-24T00:00:00.000Z,0,[0.00019479742331895977]
2026-04-25T00:00:00.000Z,0,[0.00020401524670887736]
2026-04-26T00:00:00.000Z,0,[9.519569721305744e-05]
2026-04-27T00:00:00.000Z,0,[None]
2026-04-28T00:00:00.000Z,0,[-0.00011404461838537828]
2026-04-29T00:00:00.000Z,0,[None]
2026-04-30T00:00:00.000Z,0,[0.0006683844840154052]
2026-05-01T00:00:00.000Z,0,[None]
2026-05-02T00:00:00.000Z,0,[-5.295994560583495e-05]
2026-05-03T00:00:00.000Z,0,[3.0956012778915465e-05]
2026-05-04T00:00:00.000Z,0,[-4.488795457291417e-05]
2026-05-06T00:00:00.000Z,0,[0.0002390963491052389]
2026-05-07T00:00:00.000Z,0,[-9.980124741559848e-05]
2026-05-08T00:00:00.000Z,0,[-9.409989434061572e-05]
2026-05-09T00:00:00.000Z,0,[None]
2026-05-10T00:00:00.000Z,0,[0.00015195697778835893]
2026-05-11T00:00:00.000Z,0,[-0.0004278809938114137]
2026-05-12T00:00:00.000Z,0,[0.00012605158553924412]
2026-05-13T00:00:00.000Z,0,[6.886283517815173e-05]
2026-05-14T00:00:00.000Z,0,[0.0005238946760073304]
2026-05-15T00:00:00.000Z,0,[-5.026580765843392e-05]
2026-05-16T00:00:00.000Z,0,[None]
2026-05-17T00:00:00.000Z,0,[None]
2026-05-18T00:00:00.000Z,0,[None]
2026-05-19T00:00:00.000Z,0,[None]
2026-05-20T00:00:00.000Z,0,[None]
2026-05-21T00:00:00.000Z,0,[-0.0002553736849222332]
2026-05-22T00:00:00.000Z,0,[0.0008201529271900654]
2026-05-23T00:00:00.000Z,0,[0.0005969026824459434]
2026-05-24T00:00:00.000Z,0,[0.0004084537213202566]
2026-05-25T00:00:00.000Z,0,[0.0002784277603495866]
2026-05-26T00:00:00.000Z,0,[-3.4187502023996785e-05]
2026-05-27T00:00:00.000Z,0,[None]
2026-05-28T00:00:00.000Z,0,[None]
2026-05-29T00:00:00.000Z,0,[0.00023769769177306443]
2026-05-30T00:00:00.000Z,0,[None]
2026-05-31T00:00:00.000Z,0,[2.4233049771282825e-05]
2026-06-01T00:00:00.000Z,0,[-0.00019161899399477988]
2026-06-02T00:00:00.000Z,0,[-1.428399536962388e-05]
2026-06-03T00:00:00.000Z,0,[9.20738239074126e-05]
2026-06-04T00:00:00.000Z,0,[0.0004837278102058917]
2026-06-05T00:00:00.000Z,0,[7.522328814957291e-05]
2026-06-06T00:00:00.000Z,0,[-0.00024049273633863777]
2026-06-07T00:00:00.000Z,0,[-0.00033678527688607574]
2026-06-08T00:00:00.000Z,0,[-1.5052092749101575e-05]
2026-06-09T00:00:00.000Z,0,[0.0004969855071976781]
2026-06-10T00:00:00.000Z,0,[0.000775118125602603]
2026-06-11T00:00:00.000Z,0,[0.00030288693960756063]
2026-06-12T00:00:00.000Z,0,[None]
2026-06-13T00:00:00.000Z,0,[9.268362919101492e-05]
2026-06-14T00:00:00.000Z,0,[5.074723230791278e-05]
2026-06-15T00:00:00.000Z,0,[-8.255912689492106e-05]
2026-06-16T00:00:00.000Z,0,[-9.534058335702866e-05]
2026-06-17T00:00:00.000Z,0,[-0.0007328017964027822]
2026-06-18T00:00:00.000Z,0,[0.0005508694448508322]
2026-06-19T00:00:00.000Z,0,[3.998509782832116e-05]
2026-06-20T00:00:00.000Z,0,[0.00044696469558402896]
2026-06-21T00:00:00.000Z,0,[0.0002599664148874581]
2026-06-22T00:00:00.000Z,0,[0.00020559744734782728]
2026-06-23T00:00:00.000Z,0,[0.0005299326730892062]
2026-06-24T00:00:00.000Z,0,[9.645729733165354e-05]
2026-06-25T00:00:00.000Z,0,[-4.396587974042632e-05]
2026-06-26T00:00:00.000Z,0,[0.00025488383835181594]
2026-06-27T00:00:00.000Z,0,[-4.7111072490224615e-05]
2026-06-28T00:00:00.000Z,0,[0.0004577225772663951]
2026-06-29T00:00:00.000Z,0,[0.00017683496116660535]
2026-06-30T00:00:00.000Z,0,[-0.0004041536885779351]
2026-07-01T00:00:00.000Z,0,[0.00017467465659137815]
2026-07-02T00:00:00.000Z,0,[8.97636273293756e-05]
2026-07-03T00:00:00.000Z,0,[9.68994208960794e-05]
2026-07-04T00:00:00.000Z,0,[-0.000541649351362139]
2026-07-05T00:00:00.000Z,0,[-0.0002536283864174038]
2026-07-07T00:00:00.000Z,0,[0.0002215311687905341]
2026-07-08T00:00:00.000Z,0,[0.0005027599399909377]
2026-07-09T00:00:00.000Z,0,[0.00047018073382787406]
2026-07-10T00:00:00.000Z,0,[-0.00019222187984269112]
2026-07-11T00:00:00.000Z,0,[-0.0005943679134361446]
2026-07-12T00:00:00.000Z,0,[-0.0004987987922504544]
2026-07-13T00:00:00.000Z,0,[-0.00019421706383582205]
2026-07-14T00:00:00.000Z,0,[-2.0934960048180077e-05]
2026-07-15T00:00:00.000Z,0,[-0.00020377433975227177]
2026-07-16T00:00:00.000Z,0,[-0.00017008149006869644]
2026-07-17T00:00:00.000Z,0,[0.00011079158139182256]
2026-07-18T00:00:00.000Z,0,[-0.00010303902672603726]
2026-07-19T00:00:00.000Z,0,[0.00042837433284148574]
2026-07-20T00:00:00.000Z,0,[-3.067356715291681e-07]
2026-07-21T00:00:00.000Z,0,[4.721265577245504e-05]
2026-07-22T00:00:00.000Z,0,[-8.466120925731957e-05]
2026-07-23T00:00:00.000Z,0,[None]
2026-07-24T00:00:00.000Z,0,[2.901753941841889e-05]
2026-07-25T00:00:00.000Z,0,[0.0006733583868481219]
2026-07-26T00:00:00.000Z,0,[-0.00022090862330514935]
2026-07-27T00:00:00.000Z,0,[None]
2026-07-28T00:00:00.000Z,0,[-0.0011455107014626]
2026-07-29T00:00:00.000Z,0,[None]
2026-07-30T00:00:00.000Z,0,[0.00029095285572111607]
2026-07-31T00:00:00.000Z,0,[0.00012820243136957288]
2026-08-01T00:00:00.000Z,0,[-7.325603746721754e-06]
2026-08-02T00:00:00.000Z,0,[-0.00019669020548462868]
2026-08-03T00:00:00.000Z,0,[1.840879303927068e-05]
2026-08-04T00:00:00.000Z,0,[-8.830877959553618e-06]
2026-08-05T00:00:00.000Z,0,[0.00023655648692511025]
2026-08-06T00:00:00.000Z,0,[-2.4945452423708048e-06]
2026-08-07T00:00:00.000Z,0,[-0.0007357609574683011]
2026-08-08T00:00:00.000Z,0,[-7.520562940044329e-05]
2026-08-09T00:00:00.000Z,0,[0.0005867762956768274]
2026-08-10T00:00:00.000Z,0,[0.00010884046787396072]
2026-08-11T00:00:00.000Z,0,[0.0002576027764007449]
2026-08-12T00:00:00.000Z,0,[0.0002989628119394183]
2026-08-13T00:00:00.000Z,0,[-0.00045665015932172537]
2026-08-14T00:00:00.000Z,0,[0.00020312657579779625]
2026-08-15T00:00:00.000Z,0,[-0.00017414735339116305]
2026-08-16T00:00:00.000Z,0,[-0.0001227944158017635]
2026-08-17T00:00:00.000Z,0,[9.874823263089638e-06]
2026-08-18T00:00:00.000Z,0,[0.00011999265552731232]
2026-08-19T00:00:00.000Z,0,[0.00013676811067853123]
2026-08-20T00:00:00.000Z,0,[0.0004334998084232211]
2026-08-21T00:00:00.000Z,0,[0.00019571755547076464]
2026-08-22T00:00:00.000Z,0,[1.4568619008059612e-05]
2026-08-23T00:00:00.000Z,0,[0.00028277383535169065]
2026-08-24T00:00:00.000Z,0,[9.836265962803736e-05]
2026-08-25T00:00:00.000Z,0,[-2.9159957193769515e-05]
2026-08-26T00:00:00.000Z,0,[0.0003584740625228733]
2026-08-27T00:00:00.000Z,0,[-0.0001293834939133376]
2026-08-28T00:00:00.000Z,0,[-0.0002154541143681854]
2026-08-29T00:00:00.000Z,0,[0.00024229884729720647]
2026-08-30T00:00:00.000Z,0,[-4.624333087122068e-05]
